published_at,dislike_count,url,id,comment_count,title,view_count,like_count,host
2015-10-05T23:57:09Z,11184,https://i.ytimg.com/vi/yEPSJF7BYOo/default.jpg,yEPSJF7BYOo,8130,The Daily Show - Admiral General Aladeen,19159013,161732,Jon
2014-12-05T17:01:33Z,1065,https://i.ytimg.com/vi/AHO1a1kvZGo/default.jpg,AHO1a1kvZGo,2486,The Daily Show - Spot the Africa,5624319,38442,Jon
2014-09-23T22:12:10Z,722,https://i.ytimg.com/vi/lPgZfhnCAdI/default.jpg,lPgZfhnCAdI,3616,The Daily Show - Burn Noticed,5223787,39755,Jon
2013-04-24T10:02:53Z,2469,https://i.ytimg.com/vi/9pOiOhxujsE/default.jpg,9pOiOhxujsE,17629,The Daily Show - Gun Control Whoop-de-doo,5134669,47906,Jon
2014-06-17T22:01:45Z,654,https://i.ytimg.com/vi/aqzzWr32srk/default.jpg,aqzzWr32srk,2689,The Daily Show - Now That's What I Call Being Completely F**king Wrong About Iraq,4920942,25499,Jon
2014-08-28T15:07:03Z,917,https://i.ytimg.com/vi/T_98ojjIZDI/default.jpg,T_98ojjIZDI,2704,The Daily Show - Race/Off,4347723,30986,Jon
2015-04-08T15:57:17Z,547,https://i.ytimg.com/vi/TCCYCSACA2Y/default.jpg,TCCYCSACA2Y,1887,The Daily Show - Peter Dinklage,4160610,25640,Jon
2015-06-04T14:07:50Z,2846,https://i.ytimg.com/vi/hSTywVwZCjw/default.jpg,hSTywVwZCjw,3422,The Daily Show - Minhaj's Muslim Makeover,3898493,49200,Jon
2013-10-10T19:21:49Z,1449,https://i.ytimg.com/vi/gjGL6YY6oMs/default.jpg,gjGL6YY6oMs,6229,The Daily Show - Malala Yousafzai Extended Interview,3865546,47948,Jon
2015-06-23T13:21:10Z,2295,https://i.ytimg.com/vi/X1UZWXKEhV8/default.jpg,X1UZWXKEhV8,4522,The Daily Show - Wack Flag,3823292,31993,Jon
2013-04-24T10:47:27Z,1020,https://i.ytimg.com/vi/TYbY45rHj8w/default.jpg,TYbY45rHj8w,6463,The Daily Show - Gun Control & Political Suicide,3705995,30558,Jon
2013-04-26T07:59:29Z,1384,https://i.ytimg.com/vi/mVuspKSjfgA/default.jpg,mVuspKSjfgA,12124,The Daily Show - John Oliver's Australia & Gun Control's Aftermath,3676543,29394,Jon
2015-05-05T13:42:21Z,592,https://i.ytimg.com/vi/Xhn7FHHQbVw/default.jpg,Xhn7FHHQbVw,1367,The Daily Show - To Shoot or Not to Shoot & Fear and Absent Danger,3237082,17772,Jon
2014-12-04T22:48:05Z,603,https://i.ytimg.com/vi/cV1XoclfexI/default.jpg,cV1XoclfexI,1430,The Daily Show - Instigate,2956233,16748,Jon
2015-10-05T23:55:40Z,261,https://i.ytimg.com/vi/Ou1pomxPViU/default.jpg,Ou1pomxPViU,469,The Daily Show - The Best of John Oliver,2888358,17517,Jon
2015-03-30T16:27:44Z,542,https://i.ytimg.com/vi/0DHf-TLmwNA/default.jpg,0DHf-TLmwNA,1244,The Daily Show - Boko Haram in Nigeria,2873713,19536,Jon
2015-03-20T15:11:15Z,513,https://i.ytimg.com/vi/0i8-ZNLEeag/default.jpg,0i8-ZNLEeag,1233,The Daily Show - Mighty Morphin Position Changers,2826635,22661,Jon
2014-12-18T21:32:33Z,705,https://i.ytimg.com/vi/rGbHxjjrCFE/default.jpg,rGbHxjjrCFE,1420,The Daily Show - Rage Against the Rage Against the Machine,2758141,22071,Jon
2015-04-15T13:45:12Z,336,https://i.ytimg.com/vi/mlJmW3sFPEI/default.jpg,mlJmW3sFPEI,948,The Daily Show - Start Wars,2749705,16424,Jon
2015-06-19T13:52:57Z,1403,https://i.ytimg.com/vi/mjzrvRKv6Ks/default.jpg,mjzrvRKv6Ks,3895,The Daily Show - Charleston Church Shooting,2719614,32386,Jon
2015-07-22T03:03:29Z,878,https://i.ytimg.com/vi/L88H2HWEXrw/default.jpg,L88H2HWEXrw,3216,The Daily Show - Exclusive - Barack Obama Extended Interview,2692166,18264,Jon
2014-12-05T17:01:45Z,636,https://i.ytimg.com/vi/w8KqDIPdCOg/default.jpg,w8KqDIPdCOg,2291,The Daily Show - We Can’t Breathe,2666774,19371,Jon
2014-03-25T20:09:12Z,290,https://i.ytimg.com/vi/krFN7jHKNNo/default.jpg,krFN7jHKNNo,831,The Daily Show - The Curious Case of Flight 370,2595219,13943,Jon
2015-03-18T13:23:35Z,321,https://i.ytimg.com/vi/_JHHfsRWOro/default.jpg,_JHHfsRWOro,844,The Daily Show - Hatewatch with Jon Stewart,2500736,14247,Jon
2015-03-18T13:36:37Z,316,https://i.ytimg.com/vi/jCG_i9lnBFc/default.jpg,jCG_i9lnBFc,893,The Daily Show - The Snacks of Life,2491087,16834,Jon
2015-10-05T23:56:44Z,847,https://i.ytimg.com/vi/LyDOAQNsTrI/default.jpg,LyDOAQNsTrI,2048,"The Daily Show - Egypt, Mohamed Morsi, and Bassem Youssef",2294669,16788,Jon
2015-05-12T14:34:47Z,425,https://i.ytimg.com/vi/qt8gEvGJe_I/default.jpg,qt8gEvGJe_I,1222,The Daily Show - London Voting,2237570,12536,Jon
2014-05-01T16:37:16Z,190,https://i.ytimg.com/vi/D3Lv6tINW8I/default.jpg,D3Lv6tINW8I,754,The Daily Show - Consequence-Free Speech,2211017,10243,Jon
2015-03-27T13:30:08Z,267,https://i.ytimg.com/vi/rRb0uIIL1VA/default.jpg,rRb0uIIL1VA,749,The Daily Show - The Special Network,2136659,14016,Jon
2014-09-26T20:56:11Z,996,https://i.ytimg.com/vi/loK2DRBnk24/default.jpg,loK2DRBnk24,3085,The Daily Show - The Redskins' Name - Catching Racism,2090457,19970,Jon
2015-03-12T21:13:14Z,310,https://i.ytimg.com/vi/tudyRn6HGps/default.jpg,tudyRn6HGps,837,The Daily Show - The Brotherhood of the Traveling Chants,2058253,15506,Jon
2015-01-22T23:39:51Z,304,https://i.ytimg.com/vi/IKvZg2WZTDQ/default.jpg,IKvZg2WZTDQ,558,The Daily Show - Majority Retort,2037728,9984,Jon
2015-04-07T14:59:48Z,414,https://i.ytimg.com/vi/mppJxR5wPCw/default.jpg,mppJxR5wPCw,1701,The Daily Show - A Million Gays to Deny in the Midwest,1943654,13008,Jon
2015-04-29T14:06:24Z,325,https://i.ytimg.com/vi/Wwy7pWvO3p0/default.jpg,Wwy7pWvO3p0,757,The Daily Show - Baltimore on Fire,1767986,10199,Jon
2015-03-24T13:47:11Z,437,https://i.ytimg.com/vi/rpzgXVA8eh0/default.jpg,rpzgXVA8eh0,1128,The Daily Show - Democalypse 2016 - Ted Cruz Is In,1730490,9695,Jon
2015-04-23T13:54:09Z,163,https://i.ytimg.com/vi/LhXMl_DRnXY/default.jpg,LhXMl_DRnXY,528,The Daily Show - Fraud City,1681817,11275,Jon
2015-04-24T14:46:23Z,181,https://i.ytimg.com/vi/Ma-gX-t4tuw/default.jpg,Ma-gX-t4tuw,419,The Daily Show - Shakes on a Plain & Secret Agent Can,1681533,9649,Jon
2014-10-16T20:14:27Z,643,https://i.ytimg.com/vi/8raaT7SRx18/default.jpg,8raaT7SRx18,3176,The Daily Show - Bill O'Reilly Extended Interview,1626671,12806,Jon
2015-06-03T16:37:43Z,913,https://i.ytimg.com/vi/8kgQADIHVSA/default.jpg,8kgQADIHVSA,1452,The Daily Show - Brave New Girl,1578945,13873,Jon
2015-05-28T15:56:39Z,814,https://i.ytimg.com/vi/AoPToNd4l1U/default.jpg,AoPToNd4l1U,751,Trevor Noah’s New and Sexy Daily Show,1566555,5926,Jon
2014-06-19T16:40:53Z,177,https://i.ytimg.com/vi/JFhKKbB9v0s/default.jpg,JFhKKbB9v0s,252,The Daily Show - Kevin Hart Extended Interview,1463837,6442,Jon
2015-02-11T05:33:38Z,249,https://i.ytimg.com/vi/8KM_kGxVUJw/default.jpg,8KM_kGxVUJw,1100,The Daily Show - Jon's Big Announcement,1456698,10498,Jon
2015-05-08T14:19:13Z,268,https://i.ytimg.com/vi/OyeLdL-XtNY/default.jpg,OyeLdL-XtNY,627,The Daily Show - The Fresh Prince of Ball Air,1451779,8433,Jon
2015-05-29T14:49:22Z,235,https://i.ytimg.com/vi/HnaqrepHrtc/default.jpg,HnaqrepHrtc,1188,The Daily Show - Democalypse 2016 - Bernie Sanders Kicks Off His Campaign,1443841,14277,Jon
2015-03-20T15:33:45Z,190,https://i.ytimg.com/vi/v-urVIOVJ9w/default.jpg,v-urVIOVJ9w,411,The Daily Show - Chess News Roundup,1389395,6830,Jon
2014-07-22T19:46:36Z,373,https://i.ytimg.com/vi/zmCKZYKsiGM/default.jpg,zmCKZYKsiGM,1622,The Daily Show - We Need to Talk About Israel,1379955,14532,Jon
2015-02-10T10:58:08Z,388,https://i.ytimg.com/vi/T-B7l-ZMcN8/default.jpg,T-B7l-ZMcN8,828,The Daily Show - An Egyptian Satirist in America - Bassem Youssef,1335630,13858,Jon
2015-05-14T13:51:51Z,214,https://i.ytimg.com/vi/cfhT-UZWs8o/default.jpg,cfhT-UZWs8o,865,The Daily Show - Britain's Non-Issues - Vulgar Insult,1281934,9132,Jon
2015-04-30T13:44:46Z,301,https://i.ytimg.com/vi/6aZqieJb_5k/default.jpg,6aZqieJb_5k,859,The Daily Show - Rights Courts,1270949,8392,Jon
2014-12-04T23:15:27Z,164,https://i.ytimg.com/vi/K4w7XXuJodo/default.jpg,K4w7XXuJodo,368,The Daily Show - American Hands Stand,1163365,6768,Jon
2014-05-06T15:57:29Z,166,https://i.ytimg.com/vi/Sj598Ugh1-w/default.jpg,Sj598Ugh1-w,427,The Daily Show - Bullet Points Over Benghazi,1130888,5514,Jon
2015-05-14T13:51:43Z,1741,https://i.ytimg.com/vi/ipfgfTtqq2c/default.jpg,ipfgfTtqq2c,3158,The Daily Show - Reza Aslan,1073945,9401,Jon
2015-04-08T15:55:22Z,95,https://i.ytimg.com/vi/FyAsM9XovFk/default.jpg,FyAsM9XovFk,280,The Daily Show - Legends of the Stall,1011540,5339,Jon
2015-04-14T14:04:43Z,425,https://i.ytimg.com/vi/7pMxIzGaC_8/default.jpg,7pMxIzGaC_8,548,The Daily Show - Constant Intractable Madness,958870,10188,Jon
2015-04-17T15:54:54Z,125,https://i.ytimg.com/vi/HSlriHaSIWA/default.jpg,HSlriHaSIWA,500,The Daily Show - The Jon Stewart Mysteries Presents: The Case of the Iranian Agent!,946220,9580,Jon
2014-12-04T17:54:00Z,196,https://i.ytimg.com/vi/ov4nrS_TqU0/default.jpg,ov4nrS_TqU0,1494,The Daily Show - The Eric Garner Grand Jury Decision,933969,7472,Jon
2015-03-27T13:26:35Z,95,https://i.ytimg.com/vi/7ihWvyzEFBw/default.jpg,7ihWvyzEFBw,247,"The Daily Show - Wait, Whose Side Are We On Again? - Jason Jones's Departure",917352,5935,Jon
2015-05-12T14:54:32Z,99,https://i.ytimg.com/vi/GmYfjFSdFcQ/default.jpg,GmYfjFSdFcQ,342,The Daily Show - Democracy in the U.K. - Road To...Wait That's Where the Prime Minister Lives,810986,4930,Jon
2015-05-13T14:00:30Z,305,https://i.ytimg.com/vi/XRcrHP4xmlg/default.jpg,XRcrHP4xmlg,914,The Daily Show - Dad Bods,796709,5016,Jon
2015-04-24T14:45:38Z,133,https://i.ytimg.com/vi/n5uGrJvMieo/default.jpg,n5uGrJvMieo,658,The Daily Show - Neil deGrasse Tyson,771926,8785,Jon
2014-05-16T17:19:21Z,785,https://i.ytimg.com/vi/ZwF9FRcLsCg/default.jpg,ZwF9FRcLsCg,872,The Daily Show - India Jones and the Election of Doom,763399,7762,Jon
2015-05-01T13:51:56Z,138,https://i.ytimg.com/vi/MQMMrMkwspQ/default.jpg,MQMMrMkwspQ,331,The Daily Show - Samantha Bee's Goodbye,711904,7069,Jon
2015-04-09T14:12:14Z,145,https://i.ytimg.com/vi/xH7OS5uJGkY/default.jpg,xH7OS5uJGkY,620,The Daily Show - Fact-ish - Parenting with the Enemy,639946,5140,Jon
2015-01-13T21:09:49Z,65,https://i.ytimg.com/vi/_cgDRjn_oHo/default.jpg,_cgDRjn_oHo,129,The Daily Show - March of the Parisiens,587720,3038,Jon
2015-05-28T14:03:10Z,41,https://i.ytimg.com/vi/Roo--idDA24/default.jpg,Roo--idDA24,162,The Daily Show - Along Came Pollen,524363,4317,Jon
2015-05-05T13:42:30Z,203,https://i.ytimg.com/vi/oJPJ8xI62gc/default.jpg,oJPJ8xI62gc,546,The Daily Show - The Hate Class of 2015,490810,5523,Jon
2015-03-25T13:37:36Z,825,https://i.ytimg.com/vi/9wrxwHt9KAY/default.jpg,9wrxwHt9KAY,791,The Daily Show - The Future of Gender Wage Equality,458341,3645,Jon
2015-04-23T13:54:03Z,118,https://i.ytimg.com/vi/zY-UPHLJ31A/default.jpg,zY-UPHLJ31A,454,The Daily Show - The Return of a Simplot Conspiracy,394414,2740,Jon
2015-04-29T14:07:02Z,65,https://i.ytimg.com/vi/aLsHP4bae6k/default.jpg,aLsHP4bae6k,115,The Daily Show - #FUCO,381078,4624,Jon
2015-03-11T14:57:17Z,50,https://i.ytimg.com/vi/SQ8aRKG9660/default.jpg,SQ8aRKG9660,164,The Daily Show - Abbi Jacobson & Ilana Glazer,378698,2211,Jon
2015-04-24T14:45:54Z,55,https://i.ytimg.com/vi/m53llV2Nw3g/default.jpg,m53llV2Nw3g,53,The Daily Show - 2015: A Space Gated Community,351491,2441,Jon
2015-06-09T14:05:33Z,83,https://i.ytimg.com/vi/HbSBZycnyac/default.jpg,HbSBZycnyac,124,The Daily Show - Assault Swim - Progress in Community Policing,346972,3173,Jon
2015-04-17T14:06:54Z,43,https://i.ytimg.com/vi/NSdcD0EuiF8/default.jpg,NSdcD0EuiF8,74,The Daily Show - 2015 'Mercun Awards,339911,2667,Jon
2015-04-16T13:47:56Z,132,https://i.ytimg.com/vi/VF-YSTDLO_g/default.jpg,VF-YSTDLO_g,417,The Daily Show - The Future Christ,328381,2163,Jon
2015-04-21T03:32:18Z,61,https://i.ytimg.com/vi/0TRDCsq5rM4/default.jpg,0TRDCsq5rM4,148,The Daily Show - Jon Stewart Announces His Final Episode,320260,1136,Jon
2015-06-09T14:05:53Z,207,https://i.ytimg.com/vi/UwPd_D3y3Pk/default.jpg,UwPd_D3y3Pk,986,The Daily Show - Nicola Sturgeon,280525,2005,Jon
2015-08-07T14:05:53Z,30,https://i.ytimg.com/vi/gitqGxNJpxA/default.jpg,gitqGxNJpxA,117,The Daily Show - Recap - Week of 8/3/15,279572,2476,Jon
2015-04-07T09:25:14Z,82,https://i.ytimg.com/vi/Nv7C6Az2ZhM/default.jpg,Nv7C6Az2ZhM,134,The Daily Show - The Daily Show's Once and Future Host,276894,1385,Jon
2015-02-26T18:32:55Z,26,https://i.ytimg.com/vi/AyNXZ1Slv_8/default.jpg,AyNXZ1Slv_8,71,The Daily Show - Better Call Foul,269065,2203,Jon
2014-12-04T23:25:39Z,66,https://i.ytimg.com/vi/eJtWwDsG_pA/default.jpg,eJtWwDsG_pA,169,The Daily Show - American Hands Stand - Race-a-holics,262921,1382,Jon
2015-04-14T14:04:49Z,52,https://i.ytimg.com/vi/WZwmkBi4xIY/default.jpg,WZwmkBi4xIY,218,The Daily Show - Adam Horovitz,245499,1983,Jon
2015-03-06T15:19:00Z,32,https://i.ytimg.com/vi/Ysbmj1WbiWs/default.jpg,Ysbmj1WbiWs,85,The Daily Show - System of a Town - The F.E.A. Party,223494,1654,Jon
2015-02-27T16:22:04Z,23,https://i.ytimg.com/vi/3IQLylXaE2Q/default.jpg,3IQLylXaE2Q,30,The Daily Show - Moment of Zen Interrupted,216114,1354,Jon
2015-03-24T13:49:05Z,2193,https://i.ytimg.com/vi/71dBK0iCRro/default.jpg,71dBK0iCRro,2119,The Daily Show - Ayaan Hirsi Ali,185425,1365,Jon
2015-05-27T13:38:43Z,26,https://i.ytimg.com/vi/fvCTFpQYkjY/default.jpg,fvCTFpQYkjY,229,The Daily Show - Rand Paul Pt. 1,162892,1166,Jon
2015-06-05T17:11:30Z,13,https://i.ytimg.com/vi/Z1JZ-dVPynI/default.jpg,Z1JZ-dVPynI,40,The Daily Show - A Look Back at Jon Stewart's Coverage on Politics and Culture,136015,1333,Jon
2015-02-26T17:08:19Z,11,https://i.ytimg.com/vi/VSPjy1ZY5Ec/default.jpg,VSPjy1ZY5Ec,12,The Daily Show - Spree-Man,134962,913,Jon
2014-12-04T22:32:17Z,20,https://i.ytimg.com/vi/oFrp_pWajmA/default.jpg,oFrp_pWajmA,79,The Daily Show - Race/Off - Live From Somewhere,126651,1745,Jon
2015-03-19T14:32:48Z,10,https://i.ytimg.com/vi/e4DT2coerDs/default.jpg,e4DT2coerDs,12,The Daily Show - SchockFail - Save the Interns,118669,1029,Jon
2015-03-30T18:33:53Z,38,https://i.ytimg.com/vi/wvH_ag173SU/default.jpg,wvH_ag173SU,197,The Daily Show Podcast - Meet Trevor Noah,117266,694,Jon
2015-06-09T14:06:10Z,36,https://i.ytimg.com/vi/eilT9Icgk3g/default.jpg,eilT9Icgk3g,273,The Daily Show - Nicola Sturgeon Extended Interview Pt. 2,112272,796,Jon
2015-05-27T13:38:52Z,18,https://i.ytimg.com/vi/ANPQfstUMdg/default.jpg,ANPQfstUMdg,274,The Daily Show - Rand Paul Pt. 2,105173,646,Jon
2015-03-13T13:55:02Z,15,https://i.ytimg.com/vi/F74b2mCGEI4/default.jpg,F74b2mCGEI4,29,The Daily Show - Hurricane Sandy Survivors' Long Wait for Housing,103973,708,Jon
2015-07-28T16:46:49Z,16,https://i.ytimg.com/vi/4OAbX_vqR9M/default.jpg,4OAbX_vqR9M,51,The Daily Show - Moment of Zen - Jon's Final Show Reminder & Unfortunate Shark Stories,103606,717,Jon
2015-06-12T15:50:01Z,4,https://i.ytimg.com/vi/9VhAYW1nHXE/default.jpg,9VhAYW1nHXE,21,The Daily Show - A Look Back - Cultural Docent Extraordinaire,101145,1071,Jon
2015-01-21T17:48:39Z,35,https://i.ytimg.com/vi/xYUzBENVQ4M/default.jpg,xYUzBENVQ4M,75,The Daily Show - Mike Huckabee,91836,492,Jon
2015-04-07T14:53:55Z,19,https://i.ytimg.com/vi/oW3UPfXHSUs/default.jpg,oW3UPfXHSUs,401,The Daily Show - Gene Baur,85124,1308,Jon
2015-03-17T13:51:54Z,26,https://i.ytimg.com/vi/cVhgXJWHojQ/default.jpg,cVhgXJWHojQ,7,The Daily Show - Meth Labs of Democracy: Don't Mess with Sexes - Magic Cone,84657,479,Jon
2015-06-03T15:58:33Z,61,https://i.ytimg.com/vi/p-1cWayetqk/default.jpg,p-1cWayetqk,127,The Daily Show - Bill de Blasio,80706,500,Jon
2015-03-04T21:27:07Z,13,https://i.ytimg.com/vi/WKOUWi9d4po/default.jpg,WKOUWi9d4po,48,The Daily Show - Robert Smigel,71634,510,Jon
2014-10-28T21:34:30Z,15,https://i.ytimg.com/vi/JKeceBpMenM/default.jpg,JKeceBpMenM,14,The Daily Show - Intro - Democalypse 2014: South by South Mess,67407,302,Jon
2014-10-02T17:08:39Z,79,https://i.ytimg.com/vi/Why2nMvpBPk/default.jpg,Why2nMvpBPk,62,The Daily Show - Hadi al-Bahra Extended Interview (مترجمة الى اللغة العربية),65884,414,Jon
2015-10-05T23:54:51Z,10,https://i.ytimg.com/vi/zgQMsBQifvU/default.jpg,zgQMsBQifvU,13,The Daily Show: Recap - Week of 7/14/14,56375,305,Jon
2015-06-26T13:18:29Z,3,https://i.ytimg.com/vi/21l1oOwo9TQ/default.jpg,21l1oOwo9TQ,25,The Daily Show - Your Month of Zen,55074,345,Jon
2014-10-01T16:59:21Z,75,https://i.ytimg.com/vi/WNJ-HmZtos8/default.jpg,WNJ-HmZtos8,104,The Daily Show - Hadi al-Bahra Extended Interview,53256,389,Jon
2015-06-03T15:59:16Z,11,https://i.ytimg.com/vi/6mXKOyusnmg/default.jpg,6mXKOyusnmg,26,The Daily Show - Exclusive - Bill de Blasio Extended Interview Pt. 2,44663,347,Jon
2015-03-12T13:30:30Z,25,https://i.ytimg.com/vi/Uf-CGKz3oKE/default.jpg,Uf-CGKz3oKE,109,The Daily Show - Common,43430,223,Jon
2015-03-17T13:39:49Z,4,https://i.ytimg.com/vi/vD2zcvzgclA/default.jpg,vD2zcvzgclA,10,The Daily Show - Moment of Zen - The World Is On Fire,41323,249,Jon
2015-01-08T16:19:12Z,6,https://i.ytimg.com/vi/vlyaN5DB1xo/default.jpg,vlyaN5DB1xo,2,The Daily Show: Recap - Week of 9/29/14,38791,182,Jon
2015-03-06T15:26:41Z,4,https://i.ytimg.com/vi/xT1XYdl6w3Q/default.jpg,xT1XYdl6w3Q,8,The Daily Show - Night of Too Many Stars - Enter to Win Tickets to Jon Stewart's Final Taping,38459,198,Jon
2015-04-30T20:39:14Z,13,https://i.ytimg.com/vi/AbNoenKzU18/default.jpg,AbNoenKzU18,9,The Daily Show - #FUCO Singalong,35414,441,Jon
2016-11-09T02:32:36Z,3675,https://i.ytimg.com/vi/SCRY_tOPQ7Q/default.jpg,SCRY_tOPQ7Q,3346,Make America Hate Again - Uncensored: The Daily Show,1790584,19996,Trevor
2016-11-03T17:45:47Z,3951,https://i.ytimg.com/vi/9334QCChovo/default.jpg,9334QCChovo,3773,Hillary Clinton Lives the Black Experience: The Daily Show,2277498,35187,Trevor
2016-09-08T00:21:25Z,912,https://i.ytimg.com/vi/9ElnkWjenqA/default.jpg,9ElnkWjenqA,1629,Donald Trump Tries to Woo Black Voters: The Daily Show,1924202,26574,Trevor
2016-08-19T16:03:44Z,163,https://i.ytimg.com/vi/0AO7iMw7-zM/default.jpg,0AO7iMw7-zM,367,Eric the Eel - Uncensored: The Daily Show,417701,7738,Trevor
2016-08-19T16:03:21Z,73,https://i.ytimg.com/vi/YW3KEe0S4-s/default.jpg,YW3KEe0S4-s,133,Censoring Gratuitous Movies - Between the Scenes: The Daily Show,361596,5258,Trevor
2016-08-19T16:03:04Z,77,https://i.ytimg.com/vi/JPOy2cqQk58/default.jpg,JPOy2cqQk58,128,The Rio Games - Between the Scenes: The Daily Show,474089,6596,Trevor
2016-08-16T19:12:37Z,759,https://i.ytimg.com/vi/7RAYoz_vVTQ/default.jpg,7RAYoz_vVTQ,1772,The Hardest Job in the World - Donald Trump's Campaign Surrogates: The Daily Show,2340363,25956,Trevor
2016-08-11T18:34:35Z,2379,https://i.ytimg.com/vi/25w439VNqTw/default.jpg,25w439VNqTw,4939,Did Donald Trump Call for Hillary Clinton's Assassination?: The Daily Show,2241337,28269,Trevor
2016-08-10T17:17:28Z,1124,https://i.ytimg.com/vi/NF4DR8dTEuA/default.jpg,NF4DR8dTEuA,1096,What the Actual Fact? - Donald Trump Lays Out His Economic Plan: The Daily Show,875607,11615,Trevor
2016-08-09T18:52:39Z,164,https://i.ytimg.com/vi/JBcI6HoEHQA/default.jpg,JBcI6HoEHQA,440,John Lewis Extended Interview - Getting Into Trouble to Fight Injustice: The Daily Show,325861,4412,Trevor
2016-08-01T19:26:27Z,184,https://i.ytimg.com/vi/apdrky-aLYY/default.jpg,apdrky-aLYY,166,Ronny Chieng's Philly Food Tour - Exclusive: The Daily Show,324754,3244,Trevor
2016-07-14T21:55:13Z,165,https://i.ytimg.com/vi/7MxnZPFxXQ0/default.jpg,7MxnZPFxXQ0,172,Exclusive - Preparing for the Conventions: The Daily Show,374560,3583,Trevor
2016-07-07T19:19:39Z,634,https://i.ytimg.com/vi/YunIdTQ4HS8/default.jpg,YunIdTQ4HS8,2542,Hillary Clinton or Donald Trump: Two Very Lucky Nominees: The Daily Show,1314748,21894,Trevor
2016-07-06T15:59:54Z,1577,https://i.ytimg.com/vi/iZ8YFUFnRdU/default.jpg,iZ8YFUFnRdU,1745,Donald Trump's Racist Tweet Problem: The Daily Show,1954187,21191,Trevor
2016-07-01T18:17:22Z,2825,https://i.ytimg.com/vi/rwfM5LGMmxg/default.jpg,rwfM5LGMmxg,3637,Jessica Williams Questions Sanders-to-Trump Supporters & Says Goodbye: The Daily Show,793284,11283,Trevor
2016-07-01T16:45:43Z,1274,https://i.ytimg.com/vi/Sm_t2Fh9ZmA/default.jpg,Sm_t2Fh9ZmA,1430,Hillary Clinton's New Ally and Old Benghazi Scandal: The Daily Show,673325,7742,Trevor
2016-06-29T15:37:59Z,47,https://i.ytimg.com/vi/vUeSqHkrJGI/default.jpg,vUeSqHkrJGI,120,Jordan Klepper's Happy Endings - Solving Illinois's Budget Gridlock - Uncensored: The Daily Show,128135,1286,Trevor
2016-06-28T22:11:04Z,376,https://i.ytimg.com/vi/2wsS-NNKuK4/default.jpg,2wsS-NNKuK4,621,"Thank You, Jessica Williams: The Daily Show",356729,6465,Trevor
2016-06-28T18:16:38Z,4825,https://i.ytimg.com/vi/uNsxCU0glHw/default.jpg,uNsxCU0glHw,4999,Brexit Breakdown: The Daily Show,2474695,29604,Trevor
2016-06-24T17:23:25Z,709,https://i.ytimg.com/vi/rQEdnozYZL8/default.jpg,rQEdnozYZL8,1682,House Democrats Stage a Sit-In: The Daily Show,1924798,20162,Trevor
2016-06-24T17:04:44Z,176,https://i.ytimg.com/vi/nVPMeoGGhcg/default.jpg,nVPMeoGGhcg,235,The Army Corps of Engineers' Iron Triangle: The Daily Show,558953,6191,Trevor
2016-06-23T18:57:43Z,1148,https://i.ytimg.com/vi/o5NFQrhisnw/default.jpg,o5NFQrhisnw,1451,Donald Trump's Contentious Campaign: The Daily Show,1182000,14403,Trevor
2016-06-17T17:12:17Z,182,https://i.ytimg.com/vi/th3WU7AuYM0/default.jpg,th3WU7AuYM0,392,Senate Democrats Filibuster for Gun Control: The Daily Show,588070,7018,Trevor
2016-06-16T17:20:19Z,2889,https://i.ytimg.com/vi/JMQSk9Q65ew/default.jpg,JMQSk9Q65ew,3836,Hillary Clinton and Donald Trump React to the Orlando Shooting: The Daily Show,2477053,29582,Trevor
2016-06-15T15:07:18Z,1971,https://i.ytimg.com/vi/RolEI5n4Jxs/default.jpg,RolEI5n4Jxs,5369,Trevor Reacts to the Orlando Shooting: The Daily Show,1787523,41336,Trevor
2016-05-30T17:50:17Z,88,https://i.ytimg.com/vi/ooXFTOybSLc/default.jpg,ooXFTOybSLc,161,Exclusive - The Daily Show vs. Justin Trudeau: Read My Spec Script,210406,2010,Trevor
2016-05-30T17:38:06Z,56,https://i.ytimg.com/vi/a443i0wlYIM/default.jpg,a443i0wlYIM,107,Exclusive - The Daily Show vs. Justin Trudeau: Get Ready to Look Like S**t,256394,3015,Trevor
2016-05-30T16:44:53Z,80,https://i.ytimg.com/vi/z3YzDNGR1Co/default.jpg,z3YzDNGR1Co,176,Exclusive - The Daily Show vs. Justin Trudeau: Sorry Not Sorry,305002,3549,Trevor
2016-05-27T16:20:40Z,4364,https://i.ytimg.com/vi/4tts3c5p6mg/default.jpg,4tts3c5p6mg,3097,President Obama's Visit to Vietnam & Hillary Clinton's Likability Problem: The Daily Show,2006230,17782,Trevor
2016-05-27T14:36:56Z,638,https://i.ytimg.com/vi/epM5KHDWDNU/default.jpg,epM5KHDWDNU,831,Tales From the Trump Archive - Donald Trump Can't Help but Be a Chauvinist: The Daily Show,1169170,7511,Trevor
2016-05-25T18:46:28Z,1094,https://i.ytimg.com/vi/13OOrw8P0OI/default.jpg,13OOrw8P0OI,1631,The NRA Endorses Donald Trump: The Daily Show,1850833,13631,Trevor
2016-05-20T18:01:19Z,1010,https://i.ytimg.com/vi/MKC1v1VMcXM/default.jpg,MKC1v1VMcXM,1433,Donald Trump and Megyn Kelly Finally Face Off: The Daily Show,1883904,15752,Trevor
2016-05-20T17:22:53Z,2568,https://i.ytimg.com/vi/frhR0-esSqU/default.jpg,frhR0-esSqU,3419,President Obama's Transgender Bathroom Backlash: The Daily Show,1286015,18694,Trevor
2016-05-19T17:26:33Z,3744,https://i.ytimg.com/vi/9gT-vJg-EfM/default.jpg,9gT-vJg-EfM,7232,Prime Minister Justin Trudeau Welcomes Syrian Refugees to Canada: The Daily Show,3381451,58809,Trevor
2016-05-17T18:58:56Z,376,https://i.ytimg.com/vi/FI1W3T3gUfI/default.jpg,FI1W3T3gUfI,231,Donald Trump Set His Sights on the Latino Vote: The Daily Show,221762,2209,Trevor
2016-05-16T17:55:51Z,34,https://i.ytimg.com/vi/d0daMtC3NPY/default.jpg,d0daMtC3NPY,34,Third Month Mania Team Spotlight - Slow WiFi: The Daily Show,60582,392,Trevor
2016-05-16T17:55:37Z,37,https://i.ytimg.com/vi/96C_PVTt640/default.jpg,96C_PVTt640,9,Third Month Mania Team Spotlight - Tangled Headphone Cords: The Daily Show,45637,332,Trevor
2016-05-16T17:55:15Z,16,https://i.ytimg.com/vi/Tv2X_nxRHDQ/default.jpg,Tv2X_nxRHDQ,7,Third Month Mania Team Spotlight - The Kardashians: The Daily Show,43897,296,Trevor
2016-05-16T17:54:45Z,19,https://i.ytimg.com/vi/Se3sCxutaTI/default.jpg,Se3sCxutaTI,18,Third Month Mania: The Daily Show,49869,319,Trevor
2016-05-13T19:28:19Z,637,https://i.ytimg.com/vi/wBhlyBrtB90/default.jpg,wBhlyBrtB90,1366,Donald Trump to Thank for Increase in Latino Citizenship: The Daily Show,1829599,15886,Trevor
2016-05-13T19:28:13Z,878,https://i.ytimg.com/vi/jcP-rG0M-cQ/default.jpg,jcP-rG0M-cQ,1799,#WeakDonald Trump Won't Release His Tax Returns: The Daily Show,2040950,14376,Trevor
2016-05-12T20:04:37Z,14,https://i.ytimg.com/vi/8mP7Z817oys/default.jpg,8mP7Z817oys,93,Exclusive - In the Green Room with Joe Morton: The Daily Show,62068,1078,Trevor
2016-05-11T17:12:21Z,287,https://i.ytimg.com/vi/jPWnieKkuP0/default.jpg,jPWnieKkuP0,407,Momsplaining with Desi Lydic: The Daily Show,457681,5689,Trevor
2016-05-06T17:14:53Z,195,https://i.ytimg.com/vi/pIpoFyb82rU/default.jpg,pIpoFyb82rU,363,Life in the Age of Selfies: The Daily Show,753752,10280,Trevor
2016-05-05T18:55:43Z,19236,https://i.ytimg.com/vi/x9GqWoy6__s/default.jpg,x9GqWoy6__s,7146,American Soccer's Gender Wage Gap: The Daily Show,714712,12676,Trevor
2016-05-04T18:35:34Z,451,https://i.ytimg.com/vi/srR5bevZHrc/default.jpg,srR5bevZHrc,768,Donald Trump and Ted Cruz Throw Down in Indiana: The Daily Show,1529702,10616,Trevor
2016-04-29T03:13:59Z,795,https://i.ytimg.com/vi/JSBGDC0rKWU/default.jpg,JSBGDC0rKWU,1206,"""They Love Me"" Music Video - Black Trump (ft. Jordan Klepper): The Daily Show",1040319,12112,Trevor
2016-04-27T18:19:34Z,99,https://i.ytimg.com/vi/dn4Wll11Pzw/default.jpg,dn4Wll11Pzw,170,Previously Incarcerated Citizens Reject Their Right to Vote: The Daily Show,369016,4455,Trevor
2016-04-26T15:45:28Z,7271,https://i.ytimg.com/vi/RskvZgc_s9g/default.jpg,RskvZgc_s9g,17919,Confused Islamophobes Target American Sikhs: The Daily Show,8297736,152477,Trevor
2016-04-22T19:22:03Z,492,https://i.ytimg.com/vi/aUtVNXmE-LA/default.jpg,aUtVNXmE-LA,1125,Dr. Ben Carson vs. Dr. Ken Carson: The Doctors Debate: The Daily Show,1031307,13023,Trevor
2016-04-22T17:07:36Z,190,https://i.ytimg.com/vi/2X1zErwaZNU/default.jpg,2X1zErwaZNU,220,Fox News vs. the Harriet Tubman $20 Bill: The Daily Show,289172,2922,Trevor
2016-04-21T15:12:23Z,31,https://i.ytimg.com/vi/iVZJCJewZGg/default.jpg,iVZJCJewZGg,31,Exclusive - Hasan and Ellie Positivity-Off: The Daily Show,70999,855,Trevor
2016-04-15T15:22:07Z,660,https://i.ytimg.com/vi/pxbK73O7QtE/default.jpg,pxbK73O7QtE,827,More Reasons to Dislike Ted Cruz: The Daily Show,1263682,13062,Trevor
2016-04-14T17:01:57Z,591,https://i.ytimg.com/vi/f7nt-ojlF1E/default.jpg,f7nt-ojlF1E,912,The Trump Network: Donald Trump's Failed Pyramid Scheme: The Daily Show,1481164,10849,Trevor
2016-04-13T17:01:58Z,106,https://i.ytimg.com/vi/FdErPLSD_94/default.jpg,FdErPLSD_94,201,How to Navigate Race-Based Humor: The Daily Show,382078,4116,Trevor
2016-04-08T17:22:20Z,69,https://i.ytimg.com/vi/2k1oIxE9Sps/default.jpg,2k1oIxE9Sps,148,Third Month Mania - The Championship Matchup: The Daily Show,153857,2100,Trevor
2016-04-07T18:48:12Z,1705,https://i.ytimg.com/vi/PIvCh3EQv1Q/default.jpg,PIvCh3EQv1Q,4119,The Trans Panic Epidemic: The Daily Show,1313652,22318,Trevor
2016-04-05T21:42:32Z,1414,https://i.ytimg.com/vi/lm1cuHMCMIg/default.jpg,lm1cuHMCMIg,1818,South African President Jacob Zuma & The Panama Papers: The Daily Show,4941088,34595,Trevor
2016-03-28T18:38:20Z,26,https://i.ytimg.com/vi/1ZyKxk8b7NM/default.jpg,1ZyKxk8b7NM,33,Third Month Mania Team Spotlight - Traffic: The Daily Show,87621,461,Trevor
2016-03-28T18:20:24Z,42,https://i.ytimg.com/vi/-VrTFsAS5vo/default.jpg,-VrTFsAS5vo,22,Third Month Mania Team Spotlight - Police Brutality - Uncensored: The Daily Show,68966,409,Trevor
2016-03-25T15:45:15Z,41,https://i.ytimg.com/vi/PfDOPaXe_js/default.jpg,PfDOPaXe_js,26,Third Month Mania - The Sickening 16: The Daily Show,127756,920,Trevor
2016-03-24T20:06:55Z,388,https://i.ytimg.com/vi/tPOOXp3S2UI/default.jpg,tPOOXp3S2UI,1117,Lindsey Graham - The Senator Picks His Poison: Ted Cruz vs. Donald Trump: The Daily Show,767439,7135,Trevor
2016-03-24T17:54:09Z,186,https://i.ytimg.com/vi/ofL8fsd41mI/default.jpg,ofL8fsd41mI,194,Donald Trump Speaks to the Washington Post: A Dramatic Reenactment: The Daily Show,267452,2054,Trevor
2016-03-24T16:37:56Z,2202,https://i.ytimg.com/vi/2aJ1f1i2JZI/default.jpg,2aJ1f1i2JZI,2918,How the F**k We Got Here - Donald Trump - The GOP's Perfect Match: The Daily Show,3785131,29822,Trevor
2016-03-23T17:08:57Z,55,https://i.ytimg.com/vi/-nMyJn54ohk/default.jpg,-nMyJn54ohk,177,The Americanization of Cuba: The Daily Show,309989,2859,Trevor
2016-03-18T16:58:44Z,395,https://i.ytimg.com/vi/92J42tE8dOg/default.jpg,92J42tE8dOg,1337,Republicans SCOTUS-Block President Obama: The Daily Show,1149794,11441,Trevor
2016-03-18T15:09:25Z,46,https://i.ytimg.com/vi/-i8HHYr9RUI/default.jpg,-i8HHYr9RUI,33,Third Month Mania Deep Dive - Tech: The Daily Show,55725,441,Trevor
2016-03-18T15:09:05Z,13,https://i.ytimg.com/vi/-nyU3ldFvlo/default.jpg,-nyU3ldFvlo,10,Third Month Mania Deep Dive - Everyday: The Daily Show,40469,288,Trevor
2016-03-18T15:07:38Z,39,https://i.ytimg.com/vi/FYNfePMzQ0A/default.jpg,FYNfePMzQ0A,55,Third Month Mania Begins: The Daily Show,122224,1002,Trevor
2016-03-17T18:10:30Z,24,https://i.ytimg.com/vi/gPbkhuf7z0w/default.jpg,gPbkhuf7z0w,23,Third Month Mania Deep Dive - Issues: The Daily Show,40289,312,Trevor
2016-03-15T17:58:06Z,1252,https://i.ytimg.com/vi/DuB9B4Z9l1o/default.jpg,DuB9B4Z9l1o,2600,Donald Trump's Political Fight Club: The Daily Show,2411154,21760,Trevor
2016-03-11T17:58:15Z,484,https://i.ytimg.com/vi/9QNRp3xP8tw/default.jpg,9QNRp3xP8tw,964,Tales From the Trump Archive - Donald Trump's Blue-Collar Disdain: The Daily Show,1384220,9957,Trevor
2016-03-10T18:15:07Z,416,https://i.ytimg.com/vi/tE_G0hLByqI/default.jpg,tE_G0hLByqI,883,Donald Trump's Victory Speech/Infomercial: The Daily Show,1306403,10639,Trevor
2016-03-09T16:02:37Z,279,https://i.ytimg.com/vi/tFjih_o2UT8/default.jpg,tFjih_o2UT8,519,Back in Black - Osama bin Laden's Last Wishes: The Daily Show,699742,8013,Trevor
2016-03-04T17:47:45Z,1342,https://i.ytimg.com/vi/Yw47QpOK9gw/default.jpg,Yw47QpOK9gw,3314,Who's to Blame for the Ku Klux Klan?: The Daily Show,3640673,42366,Trevor
2016-03-03T17:29:34Z,1276,https://i.ytimg.com/vi/p2oVLgBCVFU/default.jpg,p2oVLgBCVFU,989,Hillary Clinton Feels the Bern: The Daily Show,462220,5643,Trevor
2016-03-02T00:41:08Z,4590,https://i.ytimg.com/vi/79TRDRPGx34/default.jpg,79TRDRPGx34,6069,Donald Trump's Fascist Week: The Daily Show,5108986,46906,Trevor
2016-02-25T17:49:01Z,454,https://i.ytimg.com/vi/kWN5iIEQL9c/default.jpg,kWN5iIEQL9c,993,Ben Carson and the Black Experience: The Daily Show,1243116,12921,Trevor
2016-02-24T01:58:08Z,64,https://i.ytimg.com/vi/3Qfpmu1zEjw/default.jpg,3Qfpmu1zEjw,148,Congress - The Home Game: The Daily Show,120280,1845,Trevor
2016-02-23T19:50:34Z,1407,https://i.ytimg.com/vi/9Z4lQ4k_BQ8/default.jpg,9Z4lQ4k_BQ8,1755,Uganda - Even Worse at Elections Than America: The Daily Show,4106943,36368,Trevor
2016-02-19T19:38:42Z,68,https://i.ytimg.com/vi/G_UKmaY6Gm0/default.jpg,G_UKmaY6Gm0,61,Podium Pandemonium at the New Hampshire Primary: The Daily Show,178726,1398,Trevor
2016-02-18T23:23:29Z,189,https://i.ytimg.com/vi/BUyfoc611_Y/default.jpg,BUyfoc611_Y,684,Trump Supporters Speak Out: The Daily Show,300986,2315,Trevor
2016-02-12T20:21:34Z,451,https://i.ytimg.com/vi/5NMK88czOug/default.jpg,5NMK88czOug,1005,Donald Trump - The Greatest Show on Earth: The Daily Show,904075,8388,Trevor
2016-02-10T00:37:00Z,37,https://i.ytimg.com/vi/4YBuxeKi7yc/default.jpg,4YBuxeKi7yc,46,Behind the Scenes at the New Hampshire Primary: The Daily Show,96203,792,Trevor
2016-02-09T16:55:30Z,101,https://i.ytimg.com/vi/giWv3ntfC_g/default.jpg,giWv3ntfC_g,288,Facing Off at the GOP Debate: The Daily Show,621595,4179,Trevor
2016-02-05T21:19:18Z,217,https://i.ytimg.com/vi/uCt6VZrKGsM/default.jpg,uCt6VZrKGsM,462,The Big Game's Quarterback Matchup: The Daily Show,907548,6990,Trevor
2016-02-05T16:39:31Z,451,https://i.ytimg.com/vi/wDFMW879WbM/default.jpg,wDFMW879WbM,1087,"Lilly Singh - Taking Fans on ""A Trip to Unicorn Island"": The Daily Show",1023981,19968,Trevor
2016-02-04T18:39:18Z,74,https://i.ytimg.com/vi/CxhZU1K1vho/default.jpg,CxhZU1K1vho,158,Ted Cruz's Iowa Caucus Win: The Daily Show,1133211,2462,Trevor
2016-02-04T18:39:15Z,92,https://i.ytimg.com/vi/zL3w6uIigxk/default.jpg,zL3w6uIigxk,70,The Affirmative Actions Porn Series: The Daily Show,121725,1091,Trevor
2016-02-03T16:48:31Z,332,https://i.ytimg.com/vi/vlDCJp--33s/default.jpg,vlDCJp--33s,706,Counting Votes in Popcorn Containers at the Iowa Caucuses: The Daily Show,1277842,8800,Trevor
2016-01-29T18:45:49Z,220,https://i.ytimg.com/vi/kmwgDCYI_VQ/default.jpg,kmwgDCYI_VQ,406,Ted Cruz or Donald Trump: Who's Marginally Less Awful?: The Daily Show,828061,6030,Trevor
2016-01-28T19:46:06Z,1111,https://i.ytimg.com/vi/MFIGU5LxEpQ/default.jpg,MFIGU5LxEpQ,1077,Donald Trump vs. Megyn Kelly: The Daily Show,2683269,18158,Trevor
2016-01-27T21:42:12Z,4401,https://i.ytimg.com/vi/owvSyCTLz5g/default.jpg,owvSyCTLz5g,1340,Getting Personal at CNN's Democratic Town Hall: The Daily Show,1492640,9405,Trevor
2016-01-22T20:45:53Z,893,https://i.ytimg.com/vi/eSwbG5V5S-8/default.jpg,eSwbG5V5S-8,1576,"Wrestling with History in Whitesboro, NY: The Daily Show",787193,11858,Trevor
2016-01-21T16:35:52Z,231,https://i.ytimg.com/vi/UxBbCmRHBME/default.jpg,UxBbCmRHBME,273,"New Theme Song - ""Dog On Fire"": The Daily Show",207004,3032,Trevor
2016-01-19T22:35:12Z,498,https://i.ytimg.com/vi/nxcl55wUJ5E/default.jpg,nxcl55wUJ5E,993,Breaking Down the Republican and Democratic Debates: The Daily Show,1382129,11462,Trevor
2016-01-15T20:45:42Z,1059,https://i.ytimg.com/vi/EkpZTRUkFYI/default.jpg,EkpZTRUkFYI,1903,Another White Oscars: The Daily Show,1460106,13398,Trevor
2016-01-14T22:18:58Z,571,https://i.ytimg.com/vi/MbxVNC_Amag/default.jpg,MbxVNC_Amag,1086,Birthers Target Ted Cruz: The Daily Show,2126919,16329,Trevor
2016-01-14T22:13:10Z,116,https://i.ytimg.com/vi/DSc51Z26O9s/default.jpg,DSc51Z26O9s,739,The Extended GOP Debate - Singles Night with Rand Paul: The Daily Show,430589,3937,Trevor
2016-01-14T22:13:10Z,4428,https://i.ytimg.com/vi/hou1T5ldIh8/default.jpg,hou1T5ldIh8,3146,The Legend of Bernie Sanders: The Daily Show,2955361,23323,Trevor
2016-01-08T00:27:42Z,570,https://i.ytimg.com/vi/O64ddXT1b_s/default.jpg,O64ddXT1b_s,620,Fox News Rings in the New Year: The Daily Show,1110659,7234,Trevor
2016-01-08T00:26:47Z,838,https://i.ytimg.com/vi/j2fFF1lFXfk/default.jpg,j2fFF1lFXfk,1043,Keys to Success with DJ Khaled and Hasan Minhaj: The Daily Show,870633,12173,Trevor
2016-01-08T00:23:24Z,1735,https://i.ytimg.com/vi/VXq6lSJDyLE/default.jpg,VXq6lSJDyLE,4616,President Obama Targets Gun Violence: The Daily Show,2562385,40318,Trevor
2015-12-23T19:01:09Z,1127,https://i.ytimg.com/vi/8iSscWiA87Q/default.jpg,8iSscWiA87Q,1374,Donald Trump - The White ISIS: The Daily Show,1781628,22238,Trevor
2015-12-18T23:36:54Z,536,https://i.ytimg.com/vi/CV93ZECyU2I/default.jpg,CV93ZECyU2I,727,The 2015 Year in Review: The Daily Show,962631,9153,Trevor
2015-12-15T20:17:15Z,54,https://i.ytimg.com/vi/-6J1ERJUJIM/default.jpg,-6J1ERJUJIM,51,Jessica Williams Shares Debate Tips: The Daily Show,87748,960,Trevor
2015-12-15T17:51:40Z,117,https://i.ytimg.com/vi/Kd62OOychu8/default.jpg,Kd62OOychu8,201,The War on Zombie Christmas: The Daily Show,642686,3978,Trevor
2015-12-11T20:02:07Z,2918,https://i.ytimg.com/vi/MCI4bUk4vuM/default.jpg,MCI4bUk4vuM,4573,Jordan Klepper: Good Guy with a Gun: The Daily Show,2635831,33195,Trevor
2015-12-10T18:06:23Z,317,https://i.ytimg.com/vi/I4LqsTvl8UU/default.jpg,I4LqsTvl8UU,380,Awkward Moments From the Republican Jewish Coalition Forum: The Daily Show,1026428,5767,Trevor
2015-12-08T17:13:10Z,904,https://i.ytimg.com/vi/-L11Bxolo44/default.jpg,-L11Bxolo44,3339,Jon Stewart Returns to Shame Congress: The Daily Show,4544374,49899,Trevor
2015-12-04T19:05:11Z,318,https://i.ytimg.com/vi/EJaldOWDVxo/default.jpg,EJaldOWDVxo,866,Ted Cruz's Treasure Trove of Raw Footage: The Daily Show,1477445,12567,Trevor
2015-12-03T17:26:20Z,2512,https://i.ytimg.com/vi/eBhmqoRj_t4/default.jpg,eBhmqoRj_t4,2519,The Fight Against ISIS: The Daily Show,4278527,45371,Trevor
2015-12-01T16:47:18Z,580,https://i.ytimg.com/vi/xmjPAdmDWFE/default.jpg,xmjPAdmDWFE,1447,Attack on Planned Parenthood: The Daily Show,1589599,15756,Trevor
2015-11-20T15:39:34Z,277,https://i.ytimg.com/vi/8KzQ64xKlRA/default.jpg,8KzQ64xKlRA,637,Mike Huckabee's Food-Based Politics: The Daily Show,1292675,12457,Trevor
2015-11-19T15:50:00Z,523,https://i.ytimg.com/vi/sMgDZoEsDtI/default.jpg,sMgDZoEsDtI,921,Ben Carson's Public Breakup: The Daily Show,2008808,12558,Trevor
2015-11-19T01:55:21Z,571,https://i.ytimg.com/vi/hv-ZwM4QO_k/default.jpg,hv-ZwM4QO_k,924,Tragedy in Paris - The Three Stages of Political Grief: The Daily Show,1623612,13792,Trevor
2015-11-19T01:55:04Z,28,https://i.ytimg.com/vi/QX6vey8b-1w/default.jpg,QX6vey8b-1w,28,Fantasy Brotest - The Fight for Daily Fantasy Sports: The Daily Show,127808,1037,Trevor
2015-11-13T18:18:37Z,1310,https://i.ytimg.com/vi/vX-KwOVL-Y8/default.jpg,vX-KwOVL-Y8,2093,The Myanmar Daily Show: The Daily Show,2255167,26957,Trevor
2015-11-12T19:21:56Z,297,https://i.ytimg.com/vi/1irIVJwrnrw/default.jpg,1irIVJwrnrw,470,What the Actual Fact? - Truth and Fiction in the GOP Debate: The Daily Show,589478,4809,Trevor
2015-11-10T16:08:41Z,354,https://i.ytimg.com/vi/mQsNkt9yuKI/default.jpg,mQsNkt9yuKI,1304,America's Voting Machines Are F**ked: The Daily Show,1515570,17511,Trevor
2015-11-06T20:32:50Z,1229,https://i.ytimg.com/vi/GJKoCiI1ZzM/default.jpg,GJKoCiI1ZzM,1547,China Ditches Its One-Child Policy: The Daily Show,3746482,32033,Trevor
2015-11-06T20:29:20Z,60,https://i.ytimg.com/vi/CqR0HM7Z2gM/default.jpg,CqR0HM7Z2gM,35,Serial Killer Tourism in Nebraska: The Daily Show,136438,717,Trevor
2015-11-04T23:47:46Z,166,https://i.ytimg.com/vi/95bstVWjIAY/default.jpg,95bstVWjIAY,279,Iowa Republicans Shut Out The Daily Show: The Daily Show,895566,6218,Trevor
2015-11-04T17:41:03Z,449,https://i.ytimg.com/vi/WEMA0SZuOOk/default.jpg,WEMA0SZuOOk,879,Republicans Call for Babyproofed Debates: The Daily Show,2145403,16212,Trevor
2015-10-29T15:38:29Z,22,https://i.ytimg.com/vi/0COmDI9DvuM/default.jpg,0COmDI9DvuM,6,Live From the F Train: The Daily Show,104810,256,Trevor
2015-10-23T15:39:54Z,228,https://i.ytimg.com/vi/Dg-wM0o4PDA/default.jpg,Dg-wM0o4PDA,561,Jeb Bush and the Age of Superheroes: The Daily Show,1243899,11550,Trevor
2015-10-23T15:39:53Z,617,https://i.ytimg.com/vi/SefVTIHjtFQ/default.jpg,SefVTIHjtFQ,815,Benghazi - The Never-Ending Scandal: The Daily Show,2013261,13809,Trevor
2015-10-22T20:24:07Z,23,https://i.ytimg.com/vi/iHQ8udYQdC4/default.jpg,iHQ8udYQdC4,49,Jordan Klepper's Happy Endings - Illinois State Budget Crisis: The Daily Show,130820,894,Trevor
2015-10-22T20:11:56Z,192,https://i.ytimg.com/vi/c14rLCh61p4/default.jpg,c14rLCh61p4,327,Canada's Hot New Prime Minister: The Daily Show,1150004,8632,Trevor
2015-10-15T19:20:52Z,2710,https://i.ytimg.com/vi/Q4_iAEL3Ehc/default.jpg,Q4_iAEL3Ehc,1335,Democalypse 2016 - The Post-Debate Exhilaration: The Daily Show,1578126,9394,Trevor
2015-10-14T14:04:23Z,122,https://i.ytimg.com/vi/Q3WzCEl2OeU/default.jpg,Q3WzCEl2OeU,407,"Back in Black - The Cold, Hard, Wrinkle-Free Cash of Millennials: The Daily Show",553895,5312,Trevor
2015-10-09T14:51:22Z,26,https://i.ytimg.com/vi/DT61eBdj_TA/default.jpg,DT61eBdj_TA,29,Exclusive - Breaking Down the Ban the Box Campaign: The Daily Show,108837,832,Trevor
2015-10-09T14:34:28Z,544,https://i.ytimg.com/vi/Aul2Zf-1qwo/default.jpg,Aul2Zf-1qwo,1099,"Ben Carson: Popeyes Survivor and ""Real"" Black President: The Daily Show",1325585,8451,Trevor
2015-10-08T15:42:07Z,1206,https://i.ytimg.com/vi/oe06jLcpjYI/default.jpg,oe06jLcpjYI,2311,Ben Carson Blames the Victims: The Daily Show,2585139,20950,Trevor
2015-10-06T13:37:16Z,3212,https://i.ytimg.com/vi/-W6G_ndFVMY/default.jpg,-W6G_ndFVMY,4266,Not So Pro-Life After All: The Daily Show,5847286,50421,Trevor
2015-10-05T16:05:52Z,2956,https://i.ytimg.com/vi/2FPrJxTvgdQ/default.jpg,2FPrJxTvgdQ,4061,Donald Trump - America's African President: The Daily Show,6039145,51049,Trevor
2015-10-01T19:41:43Z,107,https://i.ytimg.com/vi/PcjefMmvFqQ/default.jpg,PcjefMmvFqQ,93,The Battle for Less Bias: The Daily Show,283802,1577,Trevor
2015-10-01T14:31:25Z,4293,https://i.ytimg.com/vi/3QIWolLM9i8/default.jpg,3QIWolLM9i8,4891,Are All Cops Racist?: The Daily Show,6148490,53325,Trevor
2015-09-30T18:16:26Z,2207,https://i.ytimg.com/vi/0OGZMfVQROY/default.jpg,0OGZMfVQROY,3402,Trevor Noah Continues the War on Bulls**t: The Daily Show,6869292,59681,Trevor
2015-09-29T16:59:05Z,577,https://i.ytimg.com/vi/tk60TI2i2ms/default.jpg,tk60TI2i2ms,665,Kevin Hart - Extended Interview: The Daily Show,3557580,26636,Trevor
