comedian,published_at,dislike_count,url,id,comment_count,title,view_count,like_count
Amy Schumer,2016-06-21T18:49:57Z,680,https://www.youtube.com/watch?v=4B0YACf3eVs,4B0YACf3eVs,430,Inside Amy Schumer - Amy's Pussy Obsession,373363,2639
Amy Schumer,2016-06-14T18:37:16Z,1339,https://www.youtube.com/watch?v=Po9jYba5HP0,Po9jYba5HP0,579,Inside Amy Schumer - Gyno,584391,2932
Amy Schumer,2016-06-09T17:11:31Z,517,https://www.youtube.com/watch?v=N2Vz3PcS2mM,N2Vz3PcS2mM,471,Inside Amy Schumer - Sitcom,404077,3083
Amy Schumer,2016-06-08T21:51:15Z,525,https://www.youtube.com/watch?v=DgqlzYWz98A,DgqlzYWz98A,197,"Inside Amy Schumer - ""The Knick"" Jr.",200777,1393
Amy Schumer,2016-06-01T17:44:06Z,615,https://www.youtube.com/watch?v=eCIt4farkwI,eCIt4farkwI,459,Inside Amy Schumer - Down to Earth,343014,2928
Amy Schumer,2016-05-17T19:35:37Z,417,https://www.youtube.com/watch?v=tw7xu2pZePw,tw7xu2pZePw,333,Inside Amy Schumer - Size 12,535392,3665
Amy Schumer,2016-05-11T14:14:08Z,621,https://www.youtube.com/watch?v=WjsHqGRwCko,WjsHqGRwCko,306,Inside Amy Schumer - Closer to You,398879,2373
Amy Schumer,2016-05-03T15:53:18Z,1288,https://www.youtube.com/watch?v=W8gs3_Byfoo,W8gs3_Byfoo,1360,Inside Amy Schumer - The Gun Show,470549,5101
Amy Schumer,2016-04-26T20:52:36Z,840,https://www.youtube.com/watch?v=nRMVJcwmF5M,nRMVJcwmF5M,1065,Inside Amy Schumer - Dr. Congress,523919,6075
Amy Schumer,2016-04-14T18:44:12Z,3920,https://www.youtube.com/watch?v=vI6GzvhJqhg,vI6GzvhJqhg,1000,Inside Amy Schumer - When Amy Happens to You,825867,2405
Amy Schumer,2015-07-13T14:49:41Z,196,https://www.youtube.com/watch?v=wjuIP4BPV6E,wjuIP4BPV6E,166,Inside Amy Schumer - Hiker Bones,955497,3114
Amy Schumer,2015-07-13T14:49:26Z,158,https://www.youtube.com/watch?v=oUtfMzC3ldM,oUtfMzC3ldM,168,Inside Amy Schumer - Love Your Smile,891740,3650
Amy Schumer,2015-07-02T17:47:34Z,153,https://www.youtube.com/watch?v=MHCXk48EDq0,MHCXk48EDq0,282,Inside Amy Schumer - Listen Alert,888645,5444
Amy Schumer,2015-06-25T18:30:30Z,106,https://www.youtube.com/watch?v=j5DSSjTeJZE,j5DSSjTeJZE,201,Inside Amy Schumer - Time Travel,846277,5205
Amy Schumer,2015-06-25T16:40:13Z,206,https://www.youtube.com/watch?v=vOIuwNeS-gU,vOIuwNeS-gU,187,Inside Amy Schumer - Princess Amy,1317220,6236
Amy Schumer,2015-06-24T14:19:09Z,231,https://www.youtube.com/watch?v=JKOEfF3M1rk,JKOEfF3M1rk,310,Inside Amy Schumer - Foam,856642,6655
Amy Schumer,2015-06-04T19:21:05Z,237,https://www.youtube.com/watch?v=rrVWsYdYvdk,rrVWsYdYvdk,382,Inside Amy Schumer - Say Fine to the Shirt,1194279,7653
Amy Schumer,2015-06-01T16:36:01Z,292,https://www.youtube.com/watch?v=hRFyZgxBjsc,hRFyZgxBjsc,239,Inside Amy Schumer - Dog Stripper,922055,4724
Amy Schumer,2015-05-27T11:23:05Z,611,https://www.youtube.com/watch?v=1sq4gVZ4cBc,1sq4gVZ4cBc,1105,Inside Amy Schumer - Court of Public Opinion: The Trial of Bill Cosby,2021942,7498
Amy Schumer,2015-05-21T21:31:50Z,797,https://www.youtube.com/watch?v=6eqCaiwmr_M,6eqCaiwmr_M,2584,Inside Amy Schumer - The Universe - Uncensored,2738761,33095
Amy Schumer,2015-05-19T19:02:08Z,185,https://www.youtube.com/watch?v=U68G8up1-qo,U68G8up1-qo,283,Inside Amy Schumer - Doggy Daycare,1411058,5466
Amy Schumer,2015-05-18T14:30:21Z,375,https://www.youtube.com/watch?v=e39dwHozfsc,e39dwHozfsc,413,Inside Amy Schumer - Babies & Bustiers,1820298,8563
Amy Schumer,2015-05-11T15:17:27Z,139,https://www.youtube.com/watch?v=pI_zfyJn5QU,pI_zfyJn5QU,161,Inside Amy Schumer - Beer Ad - Uncensored,774711,3396
Amy Schumer,2015-05-06T16:48:00Z,157,https://www.youtube.com/watch?v=96LgRmOF9_o,96LgRmOF9_o,448,Inside Amy Schumer - Debating the Dildo,1011041,5211
Amy Schumer,2015-05-05T15:03:20Z,35,https://www.youtube.com/watch?v=B_VQ9d7X2iI,B_VQ9d7X2iI,77,Inside Amy Schumer - 12 Angry Men Inside Amy Schumer Trailer,371622,1189
Amy Schumer,2015-04-29T15:16:22Z,1501,https://www.youtube.com/watch?v=fyeTJVU4wVo,fyeTJVU4wVo,1838,"Inside Amy Schumer - Girl, You Don't Need Makeup",5280475,31758
Amy Schumer,2015-04-27T15:28:47Z,202,https://www.youtube.com/watch?v=_kiYIvwZW0g,_kiYIvwZW0g,271,Inside Amy Schumer - Amy Schumer Doll,908325,5683
Amy Schumer,2015-04-22T20:36:57Z,1143,https://www.youtube.com/watch?v=TM2RUVnTlvs,TM2RUVnTlvs,1896,Inside Amy Schumer - Football Town Nights,2884025,12433
Amy Schumer,2015-04-22T15:17:46Z,1459,https://www.youtube.com/watch?v=XPpsI8mWKmg,XPpsI8mWKmg,2333,Inside Amy Schumer - Last F**kable Day - Uncensored,5773280,28032
Amy Schumer,2015-04-20T18:07:08Z,38,https://www.youtube.com/watch?v=SIRnjMlJ8Jk,SIRnjMlJ8Jk,50,"Inside Amy Schumer - New Season, Same Amy",202331,493
Amy Schumer,2015-04-13T17:57:49Z,234,https://www.youtube.com/watch?v=8uwb-nmOlic,8uwb-nmOlic,240,Inside Amy Schumer - Celebrity Spooky Stories,1004878,5915
Amy Schumer,2015-04-13T17:56:53Z,474,https://www.youtube.com/watch?v=Dgp5q9Fd0a8,Dgp5q9Fd0a8,562,Inside Amy Schumer - He's Good-Looking,1477314,5423
Amy Schumer,2015-04-12T23:03:07Z,4234,https://www.youtube.com/watch?v=HeiSx5MNDvg,HeiSx5MNDvg,3678,Inside Amy Schumer - Milk Milk Lemonade,8012180,39303
Amy Schumer,2015-04-08T18:48:45Z,111,https://www.youtube.com/watch?v=tTtdPKjdeP4,tTtdPKjdeP4,171,Inside Amy Schumer - New Body,1403797,6337
Amy Schumer,2015-04-08T18:48:10Z,39,https://www.youtube.com/watch?v=Rr1oef3cNWg,Rr1oef3cNWg,88,Inside Amy Schumer - Birthday Surprise,523324,3109
Amy Schumer,2015-04-08T18:47:51Z,346,https://www.youtube.com/watch?v=BtB_bOzTNA8,BtB_bOzTNA8,492,Inside Amy Schumer - Sex Stories,2237021,8786
Amy Schumer,2015-04-08T18:47:33Z,75,https://www.youtube.com/watch?v=rNVJ4r0WEjA,rNVJ4r0WEjA,62,Inside Amy Schumer - Psychic,440164,1605
Amy Schumer,2015-04-08T18:47:13Z,89,https://www.youtube.com/watch?v=gTFIdV9pPeU,gTFIdV9pPeU,285,Inside Amy Schumer - Judging Strippers,1296612,6321
Amy Schumer,2015-04-08T18:46:21Z,88,https://www.youtube.com/watch?v=nC7_qkbe3Bg,nC7_qkbe3Bg,182,Inside Amy Schumer - Rounds,924534,3152
Amy Schumer,2015-04-08T18:45:46Z,76,https://www.youtube.com/watch?v=kyTFGNVDAmo,kyTFGNVDAmo,124,Inside Amy Schumer - Cut to the Chase,898436,3448
Amy Schumer,2015-04-08T18:45:09Z,120,https://www.youtube.com/watch?v=36SHd0J61c0,36SHd0J61c0,184,Inside Amy Schumer - Multiple Personalities,681291,3372
Amy Schumer,2015-04-08T18:44:37Z,91,https://www.youtube.com/watch?v=8n3vo8HoUlk,8n3vo8HoUlk,62,Inside Amy Schumer - Comforsleep,673453,2436
Amy Schumer,2015-04-08T18:43:56Z,302,https://www.youtube.com/watch?v=350S5qZC3XU,350S5qZC3XU,499,Inside Amy Schumer - Wedding Objections,2016157,12151
Amy Schumer,2015-04-08T18:43:13Z,211,https://www.youtube.com/watch?v=o4gJbTkJZdE,o4gJbTkJZdE,209,Inside Amy Schumer - The S**tter,1185269,3951
Amy Schumer,2015-04-08T18:42:41Z,79,https://www.youtube.com/watch?v=RIx6NIjacX8,RIx6NIjacX8,268,Inside Amy Schumer - Serial Killer Glasses Store,1001060,4188
Amy Schumer,2015-04-08T18:42:11Z,98,https://www.youtube.com/watch?v=HSMZ5DsozWI,HSMZ5DsozWI,215,Inside Amy Schumer - Search History,985924,3151
Amy Schumer,2015-04-08T18:22:00Z,17,https://www.youtube.com/watch?v=PPP_CGZvNvs,PPP_CGZvNvs,14,Inside Amy Schumer - Sever Spine,157168,555
Amy Schumer,2015-04-08T18:21:38Z,45,https://www.youtube.com/watch?v=Hn2ewHOFgXo,Hn2ewHOFgXo,153,Inside Amy Schumer - Sleep Gym,574316,2938
Amy Schumer,2015-04-08T18:21:17Z,773,https://www.youtube.com/watch?v=LXLS5aKb-9E,LXLS5aKb-9E,298,Inside Amy Schumer - Meth Lab,845946,2674
Amy Schumer,2015-04-08T18:20:57Z,58,https://www.youtube.com/watch?v=5CZvrTocKq8,5CZvrTocKq8,122,Inside Amy Schumer - Supper and a Movie's,655762,2861
Amy Schumer,2015-04-08T18:19:33Z,108,https://www.youtube.com/watch?v=6la3B4y3ZYc,6la3B4y3ZYc,207,Inside Amy Schumer - Night Terrors,860501,4000
Amy Schumer,2015-04-08T18:19:09Z,222,https://www.youtube.com/watch?v=d-hF0eHyz6I,d-hF0eHyz6I,273,Inside Amy Schumer - Third Date,1492687,5069
Amy Schumer,2015-04-08T18:18:47Z,196,https://www.youtube.com/watch?v=atU7cxmSnW8,atU7cxmSnW8,169,Inside Amy Schumer - I Endured,730804,2904
Amy Schumer,2015-04-08T18:18:22Z,93,https://www.youtube.com/watch?v=3XjqMHLmVD0,3XjqMHLmVD0,93,Inside Amy Schumer - SandraGel,666935,3529
Amy Schumer,2015-04-08T18:18:06Z,617,https://www.youtube.com/watch?v=4u_Hyw80Yqo,4u_Hyw80Yqo,629,Inside Amy Schumer - The Nurses,1090455,4794
Amy Schumer,2015-04-08T18:17:40Z,64,https://www.youtube.com/watch?v=N5sGxcAJFCA,N5sGxcAJFCA,160,Inside Amy Schumer - Live Newscast,595240,3614
Amy Schumer,2015-04-08T18:17:01Z,80,https://www.youtube.com/watch?v=rv3Y7BiMt9E,rv3Y7BiMt9E,254,Inside Amy Schumer - Who's More Over Their Ex?,905634,6408
Amy Schumer,2015-04-08T18:16:29Z,53,https://www.youtube.com/watch?v=gQ4lhO0LBX8,gQ4lhO0LBX8,122,Inside Amy Schumer - Nutritionist,724480,3290
Amy Schumer,2015-04-08T18:16:10Z,62,https://www.youtube.com/watch?v=shpg_9bvzuE,shpg_9bvzuE,159,Inside Amy Schumer - Gym Bummers,580210,2509
Amy Schumer,2015-04-08T18:15:46Z,482,https://www.youtube.com/watch?v=39jN_CRGcbI,39jN_CRGcbI,344,Inside Amy Schumer - Allergic to Nuts,792882,3137
Amy Schumer,2015-04-08T15:58:42Z,100,https://www.youtube.com/watch?v=YEL7aeWIYV4,YEL7aeWIYV4,224,Inside Amy Schumer - Elevator Conversation,800768,3144
Amy Schumer,2015-04-08T15:58:22Z,128,https://www.youtube.com/watch?v=_rBHFRr1tmw,_rBHFRr1tmw,147,Inside Amy Schumer - Sauced,1034397,4124
Amy Schumer,2015-04-08T15:57:43Z,135,https://www.youtube.com/watch?v=7yxpw-Lqg8A,7yxpw-Lqg8A,440,Inside Amy Schumer - Calling the Cable Company,1018372,6975
Amy Schumer,2015-04-08T15:57:07Z,53,https://www.youtube.com/watch?v=UOlELxK83pw,UOlELxK83pw,187,Inside Amy Schumer - Chicks Who Can Hang,742203,3613
Amy Schumer,2015-04-08T15:56:36Z,69,https://www.youtube.com/watch?v=CfsAi95ghuU,CfsAi95ghuU,111,Inside Amy Schumer - Slap Chef,508058,2484
Amy Schumer,2014-12-02T23:55:42Z,583,https://www.youtube.com/watch?v=ARhyKBNFHmY,ARhyKBNFHmY,426,Inside Amy Schumer - You Can't Go in There,1240415,6298
Amy Schumer,2014-10-29T22:44:27Z,345,https://www.youtube.com/watch?v=qZoUoYF7UZM,qZoUoYF7UZM,442,Inside Amy Schumer - Horror Movie,817322,6403
Amy Schumer,2014-10-28T17:03:18Z,313,https://www.youtube.com/watch?v=-N39uWjr-u4,-N39uWjr-u4,475,Inside Amy Schumer - Sex Prep,1910036,6205
Amy Schumer,2014-10-21T18:57:48Z,230,https://www.youtube.com/watch?v=SY1Bj3uOjIA,SY1Bj3uOjIA,533,Inside Amy Schumer - Boner Doctor,1803651,7247
Amy Schumer,2014-10-14T20:00:48Z,83,https://www.youtube.com/watch?v=WfPbguqsops,WfPbguqsops,135,Inside Amy Schumer - How Will This Relationship End?,696217,2991
Amy Schumer,2014-10-09T19:30:23Z,219,https://www.youtube.com/watch?v=dTde8nG0KkI,dTde8nG0KkI,391,Inside Amy Schumer - Pretentious Hotel,1591061,6853
Amy Schumer,2014-10-07T22:06:55Z,234,https://www.youtube.com/watch?v=6473d-X-PQM,6473d-X-PQM,166,Inside Amy Schumer - Ashley Magdalene,366132,2011
Amy Schumer,2014-10-02T15:34:26Z,125,https://www.youtube.com/watch?v=1d4j2kzgr0c,1d4j2kzgr0c,177,Inside Amy Schumer - The Gab,784537,2999
Amy Schumer,2014-09-23T15:21:17Z,127,https://www.youtube.com/watch?v=CoCZJ_S4qqM,CoCZJ_S4qqM,232,Inside Amy Schumer - Publicity Stunt,1017268,4133
Amy Schumer,2014-09-18T20:04:24Z,135,https://www.youtube.com/watch?v=lnm5RtSaH74,lnm5RtSaH74,203,Inside Amy Schumer - Rhyming Couplets,790855,3964
Amy Schumer,2014-09-16T19:24:13Z,123,https://www.youtube.com/watch?v=w98NNwSIQvQ,w98NNwSIQvQ,160,Inside Amy Schumer - Make-A-Wish,659657,3473
Amy Schumer,2014-09-09T14:15:19Z,66,https://www.youtube.com/watch?v=yHYFif-_Sdo,yHYFif-_Sdo,175,Inside Amy Schumer - Animal Rescue Hotline,667958,4380
Amy Schumer,2014-09-03T17:59:23Z,200,https://www.youtube.com/watch?v=bPPqE-MA7Mo,bPPqE-MA7Mo,503,Inside Amy Schumer - Schumerenka vs. Everett,1207387,5861
Amy Schumer,2014-09-02T14:12:23Z,76,https://www.youtube.com/watch?v=Oe6rsOZ2NP0,Oe6rsOZ2NP0,300,Inside Amy Schumer - Focus Group,662665,3201
Amy Schumer,2014-08-28T16:03:26Z,109,https://www.youtube.com/watch?v=QSF80E87cYs,QSF80E87cYs,94,Inside Amy Schumer - A Porn Star is Born,269537,1253
Amy Schumer,2014-08-26T16:18:48Z,344,https://www.youtube.com/watch?v=BXGJGuH59qw,BXGJGuH59qw,1228,Inside Amy Schumer - A Very Realistic Military Game,1251296,9462
Amy Schumer,2014-08-21T15:40:47Z,101,https://www.youtube.com/watch?v=wL9cV0-SuxY,wL9cV0-SuxY,290,Inside Amy Schumer - Acting Off-Camera,659166,3395
Amy Schumer,2014-08-19T15:47:48Z,169,https://www.youtube.com/watch?v=lcUu-U3BL40,lcUu-U3BL40,251,Inside Amy Schumer - Cat Park,838025,4494
Amy Schumer,2014-08-14T21:52:07Z,66,https://www.youtube.com/watch?v=eWbSsLQDIPA,eWbSsLQDIPA,197,Inside Amy Schumer - Operation Enduring Mouth - Uncensored,659815,3354
Amy Schumer,2014-08-14T13:47:55Z,229,https://www.youtube.com/watch?v=HGXnlFLC0Ck,HGXnlFLC0Ck,260,Inside Amy Schumer - I'm So Bad,975479,4436
Amy Schumer,2014-08-07T15:47:11Z,217,https://www.youtube.com/watch?v=o1Asi3rxfRY,o1Asi3rxfRY,398,Inside Amy Schumer - My Dream Breakup,1648875,10820
Amy Schumer,2014-06-02T16:03:20Z,78,https://www.youtube.com/watch?v=iLzVXkNxoU4,iLzVXkNxoU4,259,Inside Amy Schumer - Congresswoman Amy,789276,3531
Amy Schumer,2014-05-21T13:47:53Z,179,https://www.youtube.com/watch?v=UbNblX7k6sw,UbNblX7k6sw,243,Inside Amy Schumer - Bachelorette Party Disaster,1116316,3875
Amy Schumer,2014-05-14T14:18:50Z,313,https://www.youtube.com/watch?v=jOdJhPET8sg,jOdJhPET8sg,365,Inside Amy Schumer - A Couple Chooses a Movie,1698549,5171
Amy Schumer,2014-05-12T17:32:50Z,261,https://www.youtube.com/watch?v=A6A331B1oq8,A6A331B1oq8,840,Inside Amy Schumer - Mom Computer Therapy,2146515,12969
Amy Schumer,2014-05-07T14:07:47Z,119,https://www.youtube.com/watch?v=QLqX8UibPDs,QLqX8UibPDs,150,Inside Amy Schumer - Inkblots,641411,2711
Amy Schumer,2014-05-07T14:07:38Z,75,https://www.youtube.com/watch?v=hBl7RzfW47Y,hBl7RzfW47Y,356,Inside Amy Schumer - Amy Goes Deep with a 106-Year-Old Woman,686580,6302
Amy Schumer,2014-04-30T14:30:02Z,76,https://www.youtube.com/watch?v=QTt7ZEVBwJM,QTt7ZEVBwJM,201,Inside Amy Schumer - The Stolen Years Collection,623478,2390
Amy Schumer,2014-04-29T20:42:34Z,389,https://www.youtube.com/watch?v=PQfOI_mRM-o,PQfOI_mRM-o,278,Inside Amy Schumer - Magic Man,1128230,4125
Amy Schumer,2014-04-28T20:48:07Z,110,https://www.youtube.com/watch?v=Of0ECLMHgjA,Of0ECLMHgjA,610,Inside Amy Schumer - Generations,1284877,10557
Amy Schumer,2014-04-18T21:03:15Z,25,https://www.youtube.com/watch?v=z1TWmIVFH2E,z1TWmIVFH2E,26,"Inside Amy Schumer - Exclusive - ""The Foodroom"" Outtakes  - Uncensored",164102,698
Amy Schumer,2014-04-16T18:40:21Z,155,https://www.youtube.com/watch?v=lDk5wDBR3hA,lDk5wDBR3hA,330,"Inside Amy Schumer - ""The Foodroom""",1119696,5740
Amy Schumer,2014-04-09T20:26:16Z,503,https://www.youtube.com/watch?v=e8teRxOSNHs,e8teRxOSNHs,2816,Inside Amy Schumer - Hello M'Lady,1132786,6919
Amy Schumer,2014-03-31T22:29:13Z,287,https://www.youtube.com/watch?v=UZQAh3Jg4ss,UZQAh3Jg4ss,706,"Inside Amy Schumer - Chrissy Teigen, Couples Counselor",2040983,9211
Amy Schumer,2014-03-18T15:37:31Z,246,https://www.youtube.com/watch?v=RfPRAE2xfcc,RfPRAE2xfcc,693,Inside Amy Schumer - Finger Blasters,1623815,9200
Amy Schumer,2014-03-06T19:22:58Z,434,https://www.youtube.com/watch?v=G9JmCHmH35k,G9JmCHmH35k,565,Inside Amy Schumer - Herpes Scare,1636548,8049
Amy Schumer,2013-08-22T21:36:32Z,270,https://www.youtube.com/watch?v=E5bD32prbwg,E5bD32prbwg,283,"Inside Amy Schumer - ""Love Tub""",1488485,5305
Amy Schumer,2013-07-03T16:35:37Z,370,https://www.youtube.com/watch?v=7TXHSwMzS8s,7TXHSwMzS8s,607,Inside Amy Schumer - Sex Tips - Uncensored,2321851,8266
Amy Schumer,2013-05-17T13:49:10Z,229,https://www.youtube.com/watch?v=7bf-9yRcZMM,7bf-9yRcZMM,347,Inside Amy Schumer - Penetrating Phil,1204794,4327
Amy Schumer,2013-09-11T18:06:46Z,596,https://www.youtube.com/watch?v=W34LEhJDfxE,W34LEhJDfxE,508,Inside Amy Schumer - 9/11,839922,3006
Amy Schumer,2013-06-26T15:43:23Z,165,https://www.youtube.com/watch?v=IxaxHsuoHj4,IxaxHsuoHj4,178,Inside Amy Schumer - 5-K,813023,3099
Amy Schumer,2013-06-19T15:11:06Z,122,https://www.youtube.com/watch?v=rQdhW_hHaek,rQdhW_hHaek,177,Inside Amy Schumer - Skip Therapy,753086,3622
Amy Schumer,2013-06-12T14:33:19Z,158,https://www.youtube.com/watch?v=o1JPWGRt6gI,o1JPWGRt6gI,341,Inside Amy Schumer - Clown Panties,1169827,4417
Amy Schumer,2013-06-12T14:27:10Z,165,https://www.youtube.com/watch?v=Hhd6Fb9kuds,Hhd6Fb9kuds,348,Inside Amy Schumer - Unpleasant Truths,1444640,6151
Amy Schumer,2013-06-12T13:58:27Z,287,https://www.youtube.com/watch?v=LzqHyQMz_O8,LzqHyQMz_O8,808,Inside Amy Schumer - Abusive Couple,1879604,10996
Amy Schumer,2013-06-05T14:44:05Z,109,https://www.youtube.com/watch?v=Ue2Y56SW2No,Ue2Y56SW2No,252,Inside Amy Schumer - Four-handed Massage,565257,2043
Amy Schumer,2013-06-05T14:29:43Z,323,https://www.youtube.com/watch?v=ig1VtV4ort0,ig1VtV4ort0,563,Inside Amy Schumer - Workout Instructor,1918294,7779
Amy Schumer,2013-06-05T14:13:57Z,107,https://www.youtube.com/watch?v=kIixfCx8t54,kIixfCx8t54,221,Inside Amy Schumer - Makeover,1192518,5995
Amy Schumer,2013-05-29T14:14:56Z,545,https://www.youtube.com/watch?v=8_qcgcgwznM,8_qcgcgwznM,745,Inside Amy Schumer - Gang Bang - Uncensored,1745468,5686
Amy Schumer,2013-05-29T14:08:18Z,211,https://www.youtube.com/watch?v=CCy4jdSEtN4,CCy4jdSEtN4,342,Inside Amy Schumer - Bridal Shower,1385335,4598
Amy Schumer,2013-05-23T18:34:03Z,204,https://www.youtube.com/watch?v=LoRMHA4SVME,LoRMHA4SVME,278,Inside Amy Schumer - Cancer Excuse,1105042,4203
Amy Schumer,2013-05-30T15:24:43Z,401,https://www.youtube.com/watch?v=lb8nc9TTpB4,lb8nc9TTpB4,496,Inside Amy Schumer - POV Porn,1106244,4964
Amy Schumer,2013-05-15T18:24:48Z,190,https://www.youtube.com/watch?v=gCMEPtp3uls,gCMEPtp3uls,359,Inside Amy Schumer - The Perm,1033450,4846
Amy Schumer,2013-05-15T13:49:31Z,365,https://www.youtube.com/watch?v=hzlvDV3mpZw,hzlvDV3mpZw,815,Inside Amy Schumer - Compliments - Uncensored,2570794,11135
Amy Schumer,2013-05-08T14:35:04Z,122,https://www.youtube.com/watch?v=PQMMOvD1Bp8,PQMMOvD1Bp8,210,Inside Amy Schumer - Sext Photographer - Uncensored,1257959,4480
Amy Schumer,2013-04-15T21:35:37Z,355,https://www.youtube.com/watch?v=zYBA1GQf5WQ,zYBA1GQf5WQ,744,Inside Amy Schumer - Lunch at O'Nutters,1575257,6108
Amy Schumer,2013-04-16T21:53:11Z,1052,https://www.youtube.com/watch?v=jqYCsqUCNgo,jqYCsqUCNgo,1144,Inside Amy Schumer - Sexting,3985710,10634
Amy Schumer,2013-05-01T13:53:32Z,365,https://www.youtube.com/watch?v=QIcEbr2HmKQ,QIcEbr2HmKQ,473,Inside Amy Schumer - Urban Fitters,1331946,5668
Amy Schumer,2013-05-01T13:53:32Z,227,https://www.youtube.com/watch?v=GNJhwtx4AJc,GNJhwtx4AJc,395,Inside Amy Schumer - 2 Girls 1 Cup - Uncensored,1005706,3875
Amy Schumer,2013-04-15T21:35:37Z,193,https://www.youtube.com/watch?v=YU2L5AUKtyc,YU2L5AUKtyc,578,Inside Amy Schumer - One Night Stand,1938661,7249
Key & Peele,2016-04-21T21:59:27Z,118,https://www.youtube.com/watch?v=3ZBgP4lAOA0,3ZBgP4lAOA0,153,"""Keanu"" Auditions - Uncensored",973798,4626
Key & Peele,2015-09-08T15:58:52Z,1522,https://www.youtube.com/watch?v=RG6EOci0suI,RG6EOci0suI,2353,Key & Peele - Marbles,5391383,36486
Key & Peele,2015-09-08T15:18:07Z,574,https://www.youtube.com/watch?v=BaNIlk2J_eI,BaNIlk2J_eI,1493,Key & Peele - The Morty Jebsen Show Goes Off the Rails - Uncensored,2298981,19948
Key & Peele,2015-09-01T19:45:01Z,160,https://www.youtube.com/watch?v=EcnAb--yEcg,EcnAb--yEcg,170,Key & Peele - The Telemarketer Official Trailer,1070520,5861
Key & Peele,2015-08-17T20:09:15Z,888,https://www.youtube.com/watch?v=jxsD6ecxDUg,jxsD6ecxDUg,4204,Key & Peele - MC Mom - Uncensored,8185818,79948
Key & Peele,2015-08-17T16:37:29Z,1162,https://www.youtube.com/watch?v=bWahgmZEx8Y,bWahgmZEx8Y,1371,Key & Peele - Job Interview,6390339,36228
Key & Peele,2015-08-17T16:34:07Z,623,https://www.youtube.com/watch?v=0pufATqebv8,0pufATqebv8,2281,Key & Peele - OK - Uncensored,3894720,36266
Key & Peele,2015-08-10T13:56:42Z,1280,https://www.youtube.com/watch?v=14WE3A0PwVs,14WE3A0PwVs,5101,Key & Peele - Rap Album Confessions,12444745,80574
Key & Peele,2015-08-10T13:56:42Z,453,https://www.youtube.com/watch?v=-93Ij5WIcok,-93Ij5WIcok,1807,Key & Peele - Lightning in a Bottle - Uncensored,6840457,53364
Key & Peele,2015-08-10T13:56:42Z,562,https://www.youtube.com/watch?v=RqUSjeoO91c,RqUSjeoO91c,918,Key & Peele - Judge Jessie,4600959,28350
Key & Peele,2015-07-31T15:55:35Z,370,https://www.youtube.com/watch?v=GMG_RGsysT4,GMG_RGsysT4,726,Key & Peele - Sexting Scandal,4249729,26129
Key & Peele,2015-07-31T15:12:39Z,662,https://www.youtube.com/watch?v=VKpQgEyjNdM,VKpQgEyjNdM,4437,Key & Peele - Awkward Conversation,8450038,78148
Key & Peele,2015-07-31T14:51:43Z,1907,https://www.youtube.com/watch?v=rqYdxXfBKeY,rqYdxXfBKeY,1560,Key & Peele - Severed Head Warriors,3991059,22099
Key & Peele,2015-07-28T17:36:28Z,1092,https://www.youtube.com/watch?v=dkHqPFbxmOU,dkHqPFbxmOU,2512,Key & Peele - TeachingCenter,7515568,46345
Key & Peele,2015-07-24T15:48:42Z,375,https://www.youtube.com/watch?v=HuPVymle_6U,HuPVymle_6U,1283,Key & Peele - Old-Timers Talk Drake,3335133,29888
Key & Peele,2015-07-24T15:47:33Z,1144,https://www.youtube.com/watch?v=2EtalOOS-eM,2EtalOOS-eM,5666,Key & Peele - A Cappella - Uncensored,9926382,88521
Key & Peele,2015-07-17T16:07:59Z,908,https://www.youtube.com/watch?v=qswjaM5yCro,qswjaM5yCro,3541,Key & Peele - Andre and Meegan's First Date  - Uncensored,6861155,52777
Key & Peele,2015-07-17T16:07:16Z,417,https://www.youtube.com/watch?v=VDEuS5wIk5Q,VDEuS5wIk5Q,1407,Key & Peele - Spoiler Alert,3564746,35217
Key & Peele,2015-07-17T16:07:07Z,1405,https://www.youtube.com/watch?v=kH6QJzmLYtw,kH6QJzmLYtw,5010,Key & Peele - Turbulence - Uncensored,11376151,98496
Key & Peele,2015-07-10T14:15:41Z,505,https://www.youtube.com/watch?v=ihRHIGpyspA,ihRHIGpyspA,1853,Key & Peele - Menstruation Orientation - Uncensored,2892118,40645
Key & Peele,2015-07-10T13:58:50Z,2712,https://www.youtube.com/watch?v=eiWIOKKuyGE,eiWIOKKuyGE,6380,Key & Peele - Prepared for Terries,11406933,71029
Key & Peele,2015-07-10T13:51:37Z,1983,https://www.youtube.com/watch?v=MwUUDypEDNQ,MwUUDypEDNQ,4978,Key & Peele - Pirate Chantey,4785617,54427
Key & Peele,2015-06-24T14:04:29Z,525,https://www.youtube.com/watch?v=URklD1ipsoo,URklD1ipsoo,1134,Key & Peele - Pre-Game Pump-Up,5129865,33249
Key & Peele,2015-06-05T18:21:38Z,1748,https://www.youtube.com/watch?v=3d053pPV_AA,3d053pPV_AA,1570,Key & Peele - Basketball Commentary,5946265,37399
Key & Peele,2015-06-04T12:32:44Z,4518,https://www.youtube.com/watch?v=Rg58d8opQKA,Rg58d8opQKA,12468,Key & Peele - Negrotown - Uncensored,10133417,76288
Key & Peele,2015-04-09T15:03:08Z,870,https://www.youtube.com/watch?v=J0XbcNcNJgQ,J0XbcNcNJgQ,1256,"Key & Peele - ""Game of Thrones"" Recap - Uncensored",4057330,25597
Key & Peele,2014-12-11T19:55:40Z,2320,https://www.youtube.com/watch?v=IHfiMoJUDVQ,IHfiMoJUDVQ,4451,Key & Peele - Al Qaeda Meeting,9855312,70135
Key & Peele,2014-12-04T21:16:32Z,998,https://www.youtube.com/watch?v=xdXo8uJ9NSk,xdXo8uJ9NSk,2460,Key & Peele - Dicknanigans,3562826,23525
Key & Peele,2014-12-04T19:44:48Z,1221,https://www.youtube.com/watch?v=XDzpzYzp9HE,XDzpzYzp9HE,3296,Key & Peele - Loco Gangsters - Uncensored,12220519,85219
Key & Peele,2014-11-24T22:29:56Z,592,https://www.youtube.com/watch?v=TCw-iEJoVfY,TCw-iEJoVfY,1528,Key & Peele - Hall of Mirrors - Uncensored,6438114,44552
Key & Peele,2014-11-21T00:02:27Z,1659,https://www.youtube.com/watch?v=4k-Dd71CqnM,4k-Dd71CqnM,4410,Key & Peele - Aerobics Meltdown - Uncensored,9399493,53021
Key & Peele,2014-11-20T18:49:03Z,525,https://www.youtube.com/watch?v=nx0-B-Ly4oQ,nx0-B-Ly4oQ,1406,Key & Peele - Scat Duel,4326117,35831
Key & Peele,2014-11-13T22:56:43Z,884,https://www.youtube.com/watch?v=j9Uh_RucKz8,j9Uh_RucKz8,2194,Key & Peele - Stan Lee's Superhero Pitch,4633334,26563
Key & Peele,2014-11-13T22:55:16Z,567,https://www.youtube.com/watch?v=7ZpcZC1mBIk,7ZpcZC1mBIk,2296,Key & Peele - Grown-Ass Man - Uncensored,6250495,54030
Key & Peele,2014-11-06T21:23:30Z,957,https://www.youtube.com/watch?v=1dWjKkF0Zi4,1dWjKkF0Zi4,2661,Key & Peele - Consequences,8088098,54559
Key & Peele,2014-11-06T16:46:16Z,259,https://www.youtube.com/watch?v=GDyO4KzbuiE,GDyO4KzbuiE,724,Key & Peele - Obama & Luther - Addressing the Critics - Uncensored,2703655,19234
Key & Peele,2014-10-30T22:48:41Z,520,https://www.youtube.com/watch?v=3-jv7doUI8o,3-jv7doUI8o,2393,Key & Peele - Strike Force Eagle 3: The Reckoning - Uncensored,4438795,30192
Key & Peele,2014-10-30T16:56:47Z,1351,https://www.youtube.com/watch?v=PEfZG9OSytA,PEfZG9OSytA,4264,Key & Peele - Laron Can't Laugh,11090012,73359
Key & Peele,2014-10-23T19:28:31Z,2957,https://www.youtube.com/watch?v=C5uyq0aMRw0,C5uyq0aMRw0,6262,Key & Peele - Make-A-Wish,9466581,68665
Key & Peele,2014-10-16T22:39:28Z,878,https://www.youtube.com/watch?v=AQM2joP4fsQ,AQM2joP4fsQ,3909,Key & Peele - Slap-Ass: In Recovery - Uncensored,8771172,58602
Key & Peele,2014-10-16T22:08:28Z,587,https://www.youtube.com/watch?v=cJ4tlOIo4A8,cJ4tlOIo4A8,1811,Key & Peele - Quarterback Concussion,6138948,33091
Key & Peele,2014-10-09T21:52:42Z,2299,https://www.youtube.com/watch?v=naleynXS7yo,naleynXS7yo,3670,Key & Peele - Text Message Confusion - Uncensored,19506262,137240
Key & Peele,2014-10-09T21:50:06Z,1292,https://www.youtube.com/watch?v=Nl_eJ-zdLrA,Nl_eJ-zdLrA,4605,Key & Peele - Mattress Shopping - Uncensored,14883356,102243
Key & Peele,2014-10-09T20:20:00Z,1104,https://www.youtube.com/watch?v=A5Zdp1RfoyI,A5Zdp1RfoyI,4086,"Key & Peele - ""Family Matters"" - Uncensored",8204943,57202
Key & Peele,2014-10-02T21:05:29Z,1738,https://www.youtube.com/watch?v=izh-j8KUYjs,izh-j8KUYjs,5920,Key & Peele - Awesome Hitler Story,14530425,90208
Key & Peele,2014-10-02T16:54:12Z,2160,https://www.youtube.com/watch?v=a-C9q-Na6_w,a-C9q-Na6_w,6149,Key & Peele - Georgina and Esther and Satan - Uncensored,10342047,109436
Key & Peele,2014-09-25T19:55:17Z,910,https://www.youtube.com/watch?v=pSDTmJtE-Bc,pSDTmJtE-Bc,2476,Key & Peele - Little Homie - Uncensored,11263731,71911
Key & Peele,2014-09-24T19:52:53Z,861,https://www.youtube.com/watch?v=nopWOC4SRm4,nopWOC4SRm4,5178,Key & Peele - Obama Meet & Greet,11130736,70125
Key & Peele,2014-09-22T23:08:54Z,1219,https://www.youtube.com/watch?v=rtgY1q0J_TQ,rtgY1q0J_TQ,7556,Key & Peele - Gay Wedding Advice,11674095,74379
Key & Peele,2014-09-18T19:43:10Z,1142,https://www.youtube.com/watch?v=DWO1pkHgrBM,DWO1pkHgrBM,4237,Key & Peele - Alien Imposters,10627721,83335
Key & Peele,2013-12-20T21:07:13Z,410,https://www.youtube.com/watch?v=oh7xwI_0huM,oh7xwI_0huM,2179,Key & Peele - Dad's Hollywood Secret,4385546,26567
Key & Peele,2013-12-20T00:16:53Z,1098,https://www.youtube.com/watch?v=He7TnoCM7fo,He7TnoCM7fo,3715,Key & Peele - Pussy on the Chainwax,9106319,57873
Key & Peele,2013-12-12T18:07:37Z,3284,https://www.youtube.com/watch?v=e3h6es6zh1c,e3h6es6zh1c,13369,Key & Peele - Office Homophobe,20040484,158421
Key & Peele,2013-12-12T18:07:37Z,1073,https://www.youtube.com/watch?v=_aa8ylQ7-mQ,_aa8ylQ7-mQ,2939,Key & Peele - Shady Landlord,12218773,79375
Key & Peele,2013-12-05T23:46:29Z,1102,https://www.youtube.com/watch?v=-iz_mVgEzqg,-iz_mVgEzqg,3466,Key & Peele -  Sex with Black Guys,8857897,48461
Key & Peele,2013-12-05T19:47:14Z,669,https://www.youtube.com/watch?v=AUiA4blvQPQ,AUiA4blvQPQ,2177,Key & Peele - Wendell - The Power of Wings,4403040,25272
Key & Peele,2013-11-21T18:10:10Z,1808,https://www.youtube.com/watch?v=efiW2K8gASM,efiW2K8gASM,7191,Key & Peele - Black Ice,15322197,108330
Key & Peele,2013-11-21T18:07:41Z,381,https://www.youtube.com/watch?v=RN0U1EnuNro,RN0U1EnuNro,744,Key & Peele - Lando's Fan,3868285,17901
Key & Peele,2013-11-20T23:51:05Z,1988,https://www.youtube.com/watch?v=rQnYi3z56RE,rQnYi3z56RE,5116,Key & Peele - Nooice,9486103,59244
Key & Peele,2013-11-20T01:09:41Z,548,https://www.youtube.com/watch?v=1g-s-pghtYQ,1g-s-pghtYQ,2190,Key & Peele - Mr. T PSA,4580730,36003
Key & Peele,2013-11-18T23:16:51Z,1718,https://www.youtube.com/watch?v=GbPeFs7uDLM,GbPeFs7uDLM,6396,Key & Peele - Proud Thug,16959871,113335
Key & Peele,2013-11-14T18:06:00Z,356,https://www.youtube.com/watch?v=Qto_Sx4Id6k,Qto_Sx4Id6k,1437,Key & Peele - Tackle & Grapple,4739452,25404
Key & Peele,2013-11-14T18:06:00Z,632,https://www.youtube.com/watch?v=y3JOQqoCNjc,y3JOQqoCNjc,2360,Key & Peele - Fighting Meegan's Battles,5207512,33923
Key & Peele,2013-11-07T20:04:29Z,2259,https://www.youtube.com/watch?v=k1tsGGz-Qw0,k1tsGGz-Qw0,6880,Key & Peele - High On Potenuse,17302000,100621
Key & Peele,2013-11-07T17:26:00Z,1272,https://www.youtube.com/watch?v=RGJb2iLvOKE,RGJb2iLvOKE,2453,Key & Peele - McCringleberry's Excessive Celebration,16432390,73437
Key & Peele,2013-10-31T16:59:12Z,1583,https://www.youtube.com/watch?v=st21dIMaGMs,st21dIMaGMs,8417,Key & Peele - Continental Breakfast,13337172,75296
Key & Peele,2013-10-31T16:59:12Z,820,https://www.youtube.com/watch?v=iXpxnxAL62A,iXpxnxAL62A,2495,Key & Peele - Sexy Vampires,8070048,48440
Key & Peele,2013-10-31T16:59:12Z,930,https://www.youtube.com/watch?v=bxHEZU0AFcQ,bxHEZU0AFcQ,1705,Key & Peele - Roommate Meeting,7125664,28624
Key & Peele,2013-10-30T22:51:13Z,117,https://www.youtube.com/watch?v=bFKBITi6UKk,bFKBITi6UKk,412,The Van and Mike Show - Psycho Clown - Uncensored,682931,2811
Key & Peele,2013-10-24T18:27:54Z,65,https://www.youtube.com/watch?v=LxdK6PLEoBc,LxdK6PLEoBc,134,The Van and Mike Show - Wendell's Defective Superman Bed - Uncensored,489284,1632
Key & Peele,2013-10-24T18:14:48Z,1249,https://www.youtube.com/watch?v=RlTbJZ64sVM,RlTbJZ64sVM,4033,Key & Peele - Insult Comic,11022571,62481
Key & Peele,2013-10-24T18:14:48Z,951,https://www.youtube.com/watch?v=QyViuXFyIE4,QyViuXFyIE4,1735,Key & Peele - Cunnilingus Class,8453120,48667
Key & Peele,2013-10-23T18:51:46Z,729,https://www.youtube.com/watch?v=6haBMbtXSLg,6haBMbtXSLg,2465,Key & Peele - Cat Poster,9351996,58793
Key & Peele,2013-10-18T03:35:45Z,885,https://www.youtube.com/watch?v=E63rYIQmlTI,E63rYIQmlTI,3634,Key & Peele - Mafia Hit,8275030,44680
Key & Peele,2013-10-17T17:16:32Z,55,https://www.youtube.com/watch?v=sYHG6wjnzhA,sYHG6wjnzhA,126,The Van and Mike Show - Sex Party - Uncensored,471016,1808
Key & Peele,2013-10-17T17:10:49Z,1510,https://www.youtube.com/watch?v=07mBfR8erMY,07mBfR8erMY,6071,Key & Peele - FÃºtbol Flop,10219836,53162
Key & Peele,2013-10-17T17:10:49Z,801,https://www.youtube.com/watch?v=jDpVg-UEGCI,jDpVg-UEGCI,3741,Key & Peele - Obama Shutdown,8985052,70091
Key & Peele,2013-10-17T17:10:49Z,799,https://www.youtube.com/watch?v=gbUKg_kd44s,gbUKg_kd44s,1640,Key & Peele - Let Me Hit That,9445393,40784
Key & Peele,2013-10-10T17:29:26Z,582,https://www.youtube.com/watch?v=_ycih6B6iqM,_ycih6B6iqM,1605,Key & Peele - L.A. Vice,3899794,21307
Key & Peele,2013-10-10T17:06:34Z,1622,https://www.youtube.com/watch?v=cBQiLh9N6kg,cBQiLh9N6kg,3354,Key & Peele - Boxing Press Conference,11785995,66869
Key & Peele,2013-10-10T17:06:34Z,47,https://www.youtube.com/watch?v=7B3h1e1XQDI,7B3h1e1XQDI,268,The Van and Mike Show - Nooice - Uncensored,366999,1888
Key & Peele,2013-10-03T16:42:50Z,2363,https://www.youtube.com/watch?v=9Mlp_Gcc_5Q,9Mlp_Gcc_5Q,4495,Key & Peele - Slap-Ass,15091620,79299
Key & Peele,2013-10-03T16:42:50Z,1979,https://www.youtube.com/watch?v=G2tLyqfJd54,G2tLyqfJd54,8431,Key & Peele - Black Republicans,8696130,56676
Key & Peele,2013-10-02T22:57:46Z,42,https://www.youtube.com/watch?v=axV0hoCoLUI,axV0hoCoLUI,174,The Van and Mike Show - Slave Fight - Uncensored,316883,1648
Key & Peele,2013-09-26T23:07:08Z,35,https://www.youtube.com/watch?v=t2XN1KU1IBw,t2XN1KU1IBw,120,The Van and Mike Show - The Batmans - Uncensored,265977,966
Key & Peele,2013-09-26T16:52:56Z,582,https://www.youtube.com/watch?v=7N8xwXUk_bY,7N8xwXUk_bY,2997,Key & Peele - East/West Bowl Rap,3839735,25139
Key & Peele,2013-09-26T16:52:56Z,466,https://www.youtube.com/watch?v=IWMLFaADXvM,IWMLFaADXvM,237,Key & Peele - Metta World News - Rhetoric,773815,2533
Key & Peele,2013-09-24T19:57:42Z,86,https://www.youtube.com/watch?v=jKeuyXM8aT0,jKeuyXM8aT0,261,The Van and Mike Show - Substitute Teacher Pt. 2 - Uncensored,369624,2457
Key & Peele,2013-09-20T00:50:00Z,1455,https://www.youtube.com/watch?v=JTIPQdlLKTA,JTIPQdlLKTA,5413,Key & Peele - Rap Battle Hype Man,10465747,56359
Key & Peele,2013-09-20T00:50:00Z,852,https://www.youtube.com/watch?v=__d2FMCtgi4,__d2FMCtgi4,4180,Key & Peele - Les Mis,7846327,65710
Key & Peele,2013-09-12T17:56:08Z,4390,https://www.youtube.com/watch?v=rT1nGjGM2p8,rT1nGjGM2p8,12655,Key & Peele - East/West College Bowl 2,20197137,86750
Key & Peele,2013-05-20T15:14:37Z,1062,https://www.youtube.com/watch?v=hMQ2qGmJOVM,hMQ2qGmJOVM,3400,Key & Peele - Weird Playlist,13079549,94802
Key & Peele,2013-01-26T02:00:01Z,591,https://www.youtube.com/watch?v=YrpoK7Askck,YrpoK7Askck,2989,Key & Peele - Ultimate C**k Blocker,9784330,60343
Key & Peele,2012-11-29T03:46:37Z,728,https://www.youtube.com/watch?v=wVX8wm_CONM,wVX8wm_CONM,3757,Key & Peele - Post-Apocalyptic Hunt,10174411,53312
Key & Peele,2012-11-29T03:46:37Z,607,https://www.youtube.com/watch?v=4SUoi_9asBU,4SUoi_9asBU,2903,"Comedy Central's Key & Peele: Damn, Check That S**t Out",6315458,38532
Key & Peele,2012-11-27T19:53:32Z,1182,https://www.youtube.com/watch?v=i5ZM0-f5_CU,i5ZM0-f5_CU,4898,Key & Peele - Dueling Hats,16170546,108055
Key & Peele,2012-11-22T03:52:13Z,762,https://www.youtube.com/watch?v=52br8-y0ONU,52br8-y0ONU,3263,Key & Peele - Magician Cop,11613783,68874
Key & Peele,2012-11-22T03:52:13Z,745,https://www.youtube.com/watch?v=leL_bsHEZdM,leL_bsHEZdM,3100,Key & Peele - Gangsta Standoff,9322074,60647
Key & Peele,2012-11-17T10:15:57Z,456,https://www.youtube.com/watch?v=qc_F0zP9usU,qc_F0zP9usU,1599,Key & Peele - Just Stay for the Night,3803446,25197
Key & Peele,2012-11-17T01:15:19Z,780,https://www.youtube.com/watch?v=uBSrP7ub6VA,uBSrP7ub6VA,4478,Key & Peele - Power Falcons,9676236,61184
Key & Peele,2012-11-16T14:59:32Z,73,https://www.youtube.com/watch?v=ZE8MSHrPZQ8,ZE8MSHrPZQ8,517,Critiquer's Corner - Manly Tears - Uncensored,470173,2135
Key & Peele,2012-11-15T22:10:41Z,5206,https://www.youtube.com/watch?v=18t5V3gvfa4,18t5V3gvfa4,4676,Key & Peele - Mr. Nostrand's Big Mistake,25235385,93769
Key & Peele,2012-11-15T05:37:26Z,1099,https://www.youtube.com/watch?v=YZPC0j-f2tU,YZPC0j-f2tU,6693,Key & Peele - Manly Tears,11688315,86068
Key & Peele,2012-11-15T05:37:26Z,1765,https://www.youtube.com/watch?v=IkTZ8BVAlFE,IkTZ8BVAlFE,5059,Key & Peele - Karim and Jahar,8427517,48151
Key & Peele,2012-11-12T19:37:31Z,2196,https://www.youtube.com/watch?v=CUvFeyGxaaU,CUvFeyGxaaU,8733,Key & Peele - School Bully,19038968,133741
Key & Peele,2012-11-08T04:14:35Z,872,https://www.youtube.com/watch?v=ijdcL6FrQ6Y,ijdcL6FrQ6Y,4485,Key & Peele - Killing an African Warlord,12921292,91565
Key & Peele,2012-11-08T04:14:35Z,955,https://www.youtube.com/watch?v=eirBtt7wIDU,eirBtt7wIDU,5379,"Key & Peele - Meegan, Come Back",9381450,61462
Key & Peele,2012-11-08T04:14:35Z,672,https://www.youtube.com/watch?v=vNIe_UwHPU0,vNIe_UwHPU0,2493,Key & Peele - Video Game Sensors,8028496,49970
Key & Peele,2012-11-07T05:10:57Z,755,https://www.youtube.com/watch?v=eX8tL3PMj7o,eX8tL3PMj7o,3724,Key & Peele - Obama's Anger Translator - Victory,5656968,44446
Key & Peele,2012-11-05T23:25:08Z,892,https://www.youtube.com/watch?v=PxWzsrj8bZE,PxWzsrj8bZE,3913,Key & Peele - LMFAO's Non-Stop Party,7523239,38473
Key & Peele,2012-11-01T03:05:38Z,988,https://www.youtube.com/watch?v=KgtizhlbIOQ,KgtizhlbIOQ,2841,Key & Peele - Michael Jackson,8916182,49978
Key & Peele,2012-11-01T03:05:38Z,630,https://www.youtube.com/watch?v=d5Loe67H2G8,d5Loe67H2G8,1138,Key & Peele - Exorcist,4549028,20321
Key & Peele,2012-11-01T03:05:38Z,144,https://www.youtube.com/watch?v=RBHXkKxhey4,RBHXkKxhey4,170,Key & Peele - Horror Movies,1003117,4351
Key & Peele,2012-10-25T05:23:25Z,3585,https://www.youtube.com/watch?v=fcbj8BBsWSA,fcbj8BBsWSA,9851,Key & Peele - Pizza Order,29837770,200890
Key & Peele,2012-10-25T05:23:25Z,1839,https://www.youtube.com/watch?v=iGAMbNKcN1U,iGAMbNKcN1U,5109,Key & Peele - Fronthand Backhand,20612986,117544
Key & Peele,2012-10-25T05:23:25Z,541,https://www.youtube.com/watch?v=UCW_UH-k-ec,UCW_UH-k-ec,2792,Key & Peele - Party Games,10102451,58738
Key & Peele,2012-10-25T05:23:25Z,1151,https://www.youtube.com/watch?v=xn6roGifN_Y,xn6roGifN_Y,3161,Key & Peele - Bone Thugs and Homeless,7356481,44026
Key & Peele,2012-10-18T14:54:31Z,311,https://www.youtube.com/watch?v=n8-pxBuFvaw,n8-pxBuFvaw,810,Key & Peele - Obama's Anger Translator - On the Town Hall Debate - Uncensored,2972073,15942
Key & Peele,2012-10-18T03:54:46Z,14674,https://www.youtube.com/watch?v=Dd7FixvoKBw,Dd7FixvoKBw,37367,Key & Peele - Substitute Teacher,113228674,718621
Key & Peele,2012-10-18T03:54:46Z,1564,https://www.youtube.com/watch?v=Ezg4sr67OGA,Ezg4sr67OGA,5614,Key & Peele - Retired Military Specialist,16641175,104155
Key & Peele,2012-10-18T03:54:46Z,1159,https://www.youtube.com/watch?v=klSM0AwjXJs,klSM0AwjXJs,4277,Key & Peele - Biracial Penis,8511112,42510
Key & Peele,2012-10-18T03:54:46Z,684,https://www.youtube.com/watch?v=ftwT-HI86kA,ftwT-HI86kA,5543,Key & Peele - Bling Benzy & Da Struggle,6693388,40344
Key & Peele,2012-10-11T03:03:47Z,44,https://www.youtube.com/watch?v=yicznR864wM,yicznR864wM,264,Critiquer's Corner - Ice-T Rescue Dog - Uncensored,403640,1786
Key & Peele,2012-10-11T03:00:42Z,1009,https://www.youtube.com/watch?v=WV2xY7ixwro,WV2xY7ixwro,2669,Key & Peele - Puppy Dog Ice-T,7429629,45615
Key & Peele,2012-10-11T03:00:42Z,962,https://www.youtube.com/watch?v=YPtjcT1t64I,YPtjcT1t64I,3002,Key & Peele - Chris Brown & Rihanna Video,5928531,32086
Key & Peele,2012-10-05T14:16:26Z,80,https://www.youtube.com/watch?v=Qmb59wFlmCU,Qmb59wFlmCU,308,Key & Peele - Obama's Anger Translator - On the First Debate,1155143,7418
Key & Peele,2012-10-04T17:40:09Z,2909,https://www.youtube.com/watch?v=5Kod1q39ddE,5Kod1q39ddE,10709,Key & Peele - Dubstep,15166104,88628
Key & Peele,2012-10-04T17:40:09Z,52,https://www.youtube.com/watch?v=1T_0vq9yBNc,1T_0vq9yBNc,228,Critiquer's Corner - Slow Brotion - Uncensored,294362,1399
Key & Peele,2011-11-15T22:30:33Z,5102,https://www.youtube.com/watch?v=gODZzSOelss,gODZzSOelss,22420,Key & Peele - East/West College Bowl,40001941,164171
Key & Peele,2011-11-15T22:30:33Z,3834,https://www.youtube.com/watch?v=5LGEiIL1__s,5LGEiIL1__s,9544,Key & Peele - I Said Bitch,32228985,219561
Key & Peele,2011-11-15T22:30:33Z,2661,https://www.youtube.com/watch?v=zB7MichlL1k,zB7MichlL1k,8823,Key & Peele - Auction Block,23898336,117060
Key & Peele,2011-11-15T22:30:33Z,1374,https://www.youtube.com/watch?v=KzelrlH_pjQ,KzelrlH_pjQ,6985,Key & Peele - Yo' Mama Has Health Problems,18236398,126946
Key & Peele,2011-11-15T22:30:33Z,1057,https://www.youtube.com/watch?v=oPpzJAzdpTU,oPpzJAzdpTU,5515,Key & Peele - Gideon's Kitchen,17302080,139173
Key & Peele,2011-11-15T22:30:33Z,3440,https://www.youtube.com/watch?v=-qv7k2_lc0M,-qv7k2_lc0M,13327,Key & Peele - Obama's Anger Translator - Meet Luther - Uncensored,15551220,98785
Key & Peele,2011-11-15T22:30:33Z,2056,https://www.youtube.com/watch?v=m1bLXk6UVts,m1bLXk6UVts,9439,Key & Peele - Das Negros,16442258,96424
Key & Peele,2011-11-15T22:30:33Z,1071,https://www.youtube.com/watch?v=3zDHSLDY0Q8,3zDHSLDY0Q8,5658,Key & Peele - Soul Food,14262842,73065
Key & Peele,2011-11-15T22:30:33Z,1391,https://www.youtube.com/watch?v=1t24XAntNCY,1t24XAntNCY,5632,Key & Peele - Flicker,12815465,107221
Key & Peele,2011-11-15T22:30:33Z,1369,https://www.youtube.com/watch?v=vlxkcewBEe0,vlxkcewBEe0,4884,Key & Peele - Obama - The College Years,12356208,65308
Key & Peele,2011-11-15T22:30:33Z,1695,https://www.youtube.com/watch?v=kO-EwelnvxU,kO-EwelnvxU,3536,Key & Peele - White-Sounding Black Guys,13647477,48608
Key & Peele,2011-11-15T22:30:33Z,942,https://www.youtube.com/watch?v=JEzE3L-NKL4,JEzE3L-NKL4,4282,Key & Peele - Who Thinks They Can Dance?,11911269,79507
Key & Peele,2011-11-15T22:30:33Z,563,https://www.youtube.com/watch?v=JzprLDmdRlc,JzprLDmdRlc,2055,Key & Peele - Phone Call,9457694,51161
Key & Peele,2011-11-15T22:30:33Z,705,https://www.youtube.com/watch?v=nlD9JYP8u5E,nlD9JYP8u5E,3328,Key & Peele - You Can Do Anything,9724781,56093
Key & Peele,2011-11-15T22:30:33Z,1611,https://www.youtube.com/watch?v=Jitocz4kB3k,Jitocz4kB3k,7011,Key & Peele - Gay Marriage Legalized,9726782,49397
Key & Peele,2011-11-15T22:30:33Z,739,https://www.youtube.com/watch?v=7uG9PGqaWeo,7uG9PGqaWeo,4164,Key & Peele - Pegasus Sighting,9291149,52792
Key & Peele,2011-11-15T22:30:33Z,497,https://www.youtube.com/watch?v=vBzPsY3D58k,vBzPsY3D58k,2767,Key & Peele - Fraternity Branding,8712398,55673
Key & Peele,2011-11-15T22:30:33Z,1009,https://www.youtube.com/watch?v=SxwMTAy1gP0,SxwMTAy1gP0,4540,Key & Peele - Baby Forest,8828557,51970
Key & Peele,2011-11-15T22:30:33Z,501,https://www.youtube.com/watch?v=y_qZggrYHRQ,y_qZggrYHRQ,1581,Key & Peele - Zombie Attack,8650886,43007
Key & Peele,2011-11-15T22:30:33Z,469,https://www.youtube.com/watch?v=ntfProwNYkE,ntfProwNYkE,1714,Key & Peele - Movie Hecklers,8345025,41178
Key & Peele,2011-11-15T22:30:33Z,946,https://www.youtube.com/watch?v=vvdMLE6Tmvc,vvdMLE6Tmvc,2232,Key & Peele - My Best Friend,7563196,37916
Key & Peele,2011-11-15T22:30:33Z,725,https://www.youtube.com/watch?v=_uScCrpAW4U,_uScCrpAW4U,1920,Key & Peele - Slow Brotion,6315617,37917
Key & Peele,2011-11-15T22:30:33Z,314,https://www.youtube.com/watch?v=naUFIUZ2Ryc,naUFIUZ2Ryc,1908,Key & Peele - Obama Teaches Malia to Drive,6071670,36444
Key & Peele,2011-11-15T22:30:33Z,505,https://www.youtube.com/watch?v=kblKi5wgyTs,kblKi5wgyTs,1431,Key & Peele - Black Hawk Up,6484478,30523
Key & Peele,2011-11-15T22:30:33Z,1548,https://www.youtube.com/watch?v=z6iC0Vi1yEg,z6iC0Vi1yEg,3447,Key & Peele - Cute Puppies,5695330,34707
Key & Peele,2011-11-15T22:30:33Z,868,https://www.youtube.com/watch?v=yFfia3Zs3lE,yFfia3Zs3lE,1715,Key & Peele - McFerrin vs. Winslow,5926148,33598
Key & Peele,2011-11-15T22:30:33Z,510,https://www.youtube.com/watch?v=6X9tuwH9I5Q,6X9tuwH9I5Q,1974,Key & Peele - Obama Raps,5869506,33614
Key & Peele,2011-11-15T22:30:33Z,325,https://www.youtube.com/watch?v=HuP-Nv3hX4E,HuP-Nv3hX4E,1970,Key & Peele - Flash Mob,4820196,22844
Key & Peele,2011-11-15T22:30:33Z,226,https://www.youtube.com/watch?v=ixesdXN2eDA,ixesdXN2eDA,845,Key & Peele - Obama's Anger Translator - Michelle Calls Barack,4525390,18634
Key & Peele,2011-11-15T22:30:33Z,1003,https://www.youtube.com/watch?v=mVHFRNU3q_k,mVHFRNU3q_k,1624,Key & Peele - Tim Cook Meltdown at iPhone 5 Launch,4786788,27086
Key & Peele,2011-11-15T22:30:33Z,327,https://www.youtube.com/watch?v=WXafy1n9cVY,WXafy1n9cVY,1013,"Key & Peele - ""The Wire"" Parody",3653497,18686
Key & Peele,2011-11-15T22:30:33Z,202,https://www.youtube.com/watch?v=bzKzIbAuAqA,bzKzIbAuAqA,691,Key & Peele - Black Guy at a Party,3014880,9136
Key & Peele,2011-11-15T22:30:33Z,124,https://www.youtube.com/watch?v=FZpE5o9NsEk,FZpE5o9NsEk,989,Key & Peele - Obama's Anger Translator - Martin Luther King Day,2987364,13835
Key & Peele,2011-11-15T22:30:33Z,147,https://www.youtube.com/watch?v=i0ZeruZq-sA,i0ZeruZq-sA,725,Key & Peele - Obama's Anger Translator - Therapy Session - Uncensored,2633437,13512
Key & Peele,2011-11-15T22:30:33Z,226,https://www.youtube.com/watch?v=Bt2eA2PceKc,Bt2eA2PceKc,1200,Key & Peele - Obama's Anger Translator - The Last Four Years,2285499,12346
Key & Peele,2011-11-15T22:30:33Z,185,https://www.youtube.com/watch?v=FYkjQyZHhjg,FYkjQyZHhjg,209,Key & Peele - Ugly Babies,2190871,7495
Key & Peele,2011-11-15T22:30:33Z,104,https://www.youtube.com/watch?v=o6StHO6s_5k,o6StHO6s_5k,340,Key & Peele - Violent High-Fiving,1926427,8626
Key & Peele,2011-11-15T22:30:33Z,66,https://www.youtube.com/watch?v=X6FLzECdRIE,X6FLzECdRIE,704,Key & Peele - Movies You Haven't Seen,1500356,6428
Key & Peele,2011-11-15T22:30:33Z,60,https://www.youtube.com/watch?v=QeZphauyiEw,QeZphauyiEw,146,Key & Peele - Obama's Makeup Job - Uncensored,1440419,6409
Key & Peele,2011-11-15T22:30:33Z,51,https://www.youtube.com/watch?v=HpqZUetyjwA,HpqZUetyjwA,136,Key & Peele - Bitch with a Clipboard,1300742,5506
Key & Peele,2011-11-15T22:30:33Z,114,https://www.youtube.com/watch?v=iwsOI89urnw,iwsOI89urnw,355,Key & Peele - Obama's Anger Translator - Obama Responds to Clint Eastwood - Uncensored,1443591,8408
Key & Peele,2011-11-15T22:30:33Z,75,https://www.youtube.com/watch?v=YFj5HCUDlzQ,YFj5HCUDlzQ,263,Key & Peele - Obama's Anger Translator - Tropical Storm Luther Pounds the RNC & DNC - Uncensored,1291504,7256
Key & Peele,2011-11-15T22:30:33Z,63,https://www.youtube.com/watch?v=L54F7iUFx9g,L54F7iUFx9g,220,Key & Peele - College Movies,1066553,4140
Key & Peele,2011-11-15T22:30:33Z,71,https://www.youtube.com/watch?v=A_M8BIAJJSw,A_M8BIAJJSw,437,Key & Peele - Obama's Anger Translator - S**t Mitt Romney Doesn't Say - Uncensored,1305322,8664
Key & Peele,2011-11-15T22:30:33Z,54,https://www.youtube.com/watch?v=RMDZ0vQ2I78,RMDZ0vQ2I78,126,Key & Peele - Live Segment - Black Boy's Booty,672313,2980
Key & Peele,2011-11-15T22:30:33Z,41,https://www.youtube.com/watch?v=vJiQzzEkn1w,vJiQzzEkn1w,281,Key & Peele - Radio and TV Congressional Correspondents' Dinner Special Remarks,675356,4194
Key & Peele,2011-11-15T22:30:33Z,131,https://www.youtube.com/watch?v=unjbRVMaykA,unjbRVMaykA,497,Vandaveon and Mike Fix Key & Peele - Episode 1 - Uncensored,617552,3254
Key & Peele,2011-11-15T22:30:33Z,23,https://www.youtube.com/watch?v=DS5am37kpi8,DS5am37kpi8,43,Key & Peele: Obama Anger Translator,542463,1097
Key & Peele,2011-11-15T22:30:33Z,278,https://www.youtube.com/watch?v=EvQ73Fk3bqw,EvQ73Fk3bqw,731,Vandaveon and Mike Fix Key & Peele - Episode 2 - Uncensored,564199,2792
Key & Peele,2011-11-15T22:30:33Z,154,https://www.youtube.com/watch?v=scRgr42qwL8,scRgr42qwL8,588,Key & Peele - Vandaveon and Mike Fix Episode 3,558592,2431
Key & Peele,2011-11-15T22:30:33Z,62,https://www.youtube.com/watch?v=VIkmi88PgYQ,VIkmi88PgYQ,306,"Key & Peele - Vandaveon and Mike Fix Bonnaroo, Pt. 1 - Uncensored",486885,1914
Key & Peele,2011-11-15T22:30:33Z,72,https://www.youtube.com/watch?v=NkH4SZAz1pY,NkH4SZAz1pY,419,Vandaveon and Mike Fix Key & Peele - Episode 5 - Uncensored,367000,1891
Key & Peele,2011-11-15T22:30:33Z,23,https://www.youtube.com/watch?v=_CpGXgUawNo,_CpGXgUawNo,66,Key & Peele - On the Theme Song,370601,978
Key & Peele,2011-11-15T22:30:33Z,57,https://www.youtube.com/watch?v=av6DmpTSCo8,av6DmpTSCo8,368,Vandaveon and Mike Fix Key & Peele - Episode 8 - Uncensored,310238,1412
Key & Peele,2011-11-15T22:30:33Z,58,https://www.youtube.com/watch?v=7sg43aoRZeQ,7sg43aoRZeQ,408,Vandaveon and Mike Fix Key & Peele - Episode 6 - Uncensored,299824,1669
Key & Peele,2011-11-15T22:30:33Z,33,https://www.youtube.com/watch?v=9mHq6XWpAUU,9mHq6XWpAUU,257,Vandaveon and Mike Fix Key & Peele - Episode 4 - Uncensored,247922,1149
Key & Peele,2011-11-15T22:30:33Z,37,https://www.youtube.com/watch?v=F4fXTVGQvN8,F4fXTVGQvN8,212,Critiquer's Corner - Dubstep - Uncensored,236591,1328
Key & Peele,2011-11-15T22:30:33Z,31,https://www.youtube.com/watch?v=j2O9efK3LHA,j2O9efK3LHA,276,Vandaveon and Mike Fix Key & Peele - Episode 7 - Uncensored,232505,1138
Key & Peele,2011-11-15T22:30:33Z,35,https://www.youtube.com/watch?v=FWKsAWz22NA,FWKsAWz22NA,193,"Key & Peele - Vandaveon and Mike Fix Bonnaroo, Pt. 2 - Uncensored",230079,1028
