.id,kind,etag,id,contentDetails.videoId,contentDetails.videoPublishedAt
items1,youtube#playlistItem,"""p4VTdlkQv3HQeTEaXgvLePAydmU/G-gTM9F7jVd-cgKI0e5v7f35Dxs""",UExHNkhvZVNDM3JhRS1FQjhyX3ZWRE9zLTU5a2czU3B2ZC44NkI4RjE5QjA2Qjg4MUY1,oO3wTulizvg,2019-04-28T16:00:07.000Z
items2,youtube#playlistItem,"""p4VTdlkQv3HQeTEaXgvLePAydmU/4QP1G0zMwwfjbiCimKWrk3l1c7Q""",UExHNkhvZVNDM3JhRS1FQjhyX3ZWRE9zLTU5a2czU3B2ZC4wMjE2NkI1RUU4QTM5REZE,ZX5MHNvjw7o,2017-12-31T05:21:22.000Z
items3,youtube#playlistItem,"""p4VTdlkQv3HQeTEaXgvLePAydmU/gCgrRNY2RdN2SWCnaapzIwfvxZc""",UExHNkhvZVNDM3JhRS1FQjhyX3ZWRE9zLTU5a2czU3B2ZC4yNTI2NzMwOENBMUQ4MTNC,MvZ-clcMCec,2018-11-06T18:00:04.000Z
items4,youtube#playlistItem,"""p4VTdlkQv3HQeTEaXgvLePAydmU/Pu-bgMZrZx2aD9iDRXreW8d8bEQ""",UExHNkhvZVNDM3JhRS1FQjhyX3ZWRE9zLTU5a2czU3B2ZC40NUMyQzc5NUE2N0YwRTk3,4trBQseIkkc,2018-10-04T20:00:00.000Z
items5,youtube#playlistItem,"""p4VTdlkQv3HQeTEaXgvLePAydmU/JU72UY2O4B4NMNlSj02ybUQvF3Q""",UExHNkhvZVNDM3JhRS1FQjhyX3ZWRE9zLTU5a2czU3B2ZC5GRkEyRjI3NkM4RjQ3OTY3,JBC-9k3y1ew,2018-02-23T08:00:01.000Z
items6,youtube#playlistItem,"""p4VTdlkQv3HQeTEaXgvLePAydmU/U2KRXMLxdYqiHM0GYsdLHjf3KZI""",UExHNkhvZVNDM3JhRS1FQjhyX3ZWRE9zLTU5a2czU3B2ZC5CNEFDN0ZFQUEyQzgwMzJC,2z3wUD3AZg4,2017-12-31T05:09:50.000Z
items7,youtube#playlistItem,"""p4VTdlkQv3HQeTEaXgvLePAydmU/8QLEZSoq7Iii577ox4XtIpfae_M""",UExHNkhvZVNDM3JhRS1FQjhyX3ZWRE9zLTU5a2czU3B2ZC43ODdGOUNBNDVDRUE1MzJE,fKIwj1TQmFs,2017-12-31T05:10:23.000Z
items8,youtube#playlistItem,"""p4VTdlkQv3HQeTEaXgvLePAydmU/8Ux-Pn4WOOz-rt9A1emEFYpjl5g""",UExHNkhvZVNDM3JhRS1FQjhyX3ZWRE9zLTU5a2czU3B2ZC4xRTkzNjE5OTE2MzYyQTVE,7JjLd3MufCE,2018-02-25T19:00:01.000Z
items9,youtube#playlistItem,"""p4VTdlkQv3HQeTEaXgvLePAydmU/DvcbRmfAPXh0HL1GWH99ubriTEE""",UExHNkhvZVNDM3JhRS1FQjhyX3ZWRE9zLTU5a2czU3B2ZC5FNTZEREJEMUZEOEExNzU2,HeOVbeh2yr0,2018-03-01T18:00:02.000Z
items10,youtube#playlistItem,"""p4VTdlkQv3HQeTEaXgvLePAydmU/8qEJSPxN69yFUtv5A89KYUcLdKg""",UExHNkhvZVNDM3JhRS1FQjhyX3ZWRE9zLTU5a2czU3B2ZC45RTAwNDg5NkVEMDI5NjJE,zR7LOtMix9w,2018-02-24T08:00:03.000Z
items11,youtube#playlistItem,"""p4VTdlkQv3HQeTEaXgvLePAydmU/Swdw5IL0pCkOxxjNvInSxcf6RM8""",UExHNkhvZVNDM3JhRS1FQjhyX3ZWRE9zLTU5a2czU3B2ZC5BRTI3ODA3RTlFNDk1Mzc5,EG0wQRsXLi4,2016-11-13T08:30:20.000Z
items12,youtube#playlistItem,"""p4VTdlkQv3HQeTEaXgvLePAydmU/f5gVv0vaB2KbEsluKTUauhpYLjU""",UExHNkhvZVNDM3JhRS1FQjhyX3ZWRE9zLTU5a2czU3B2ZC5GRUIyN0Q4Mzg5RkYyNTZE,X-zSJljpKNc,2017-12-31T05:11:40.000Z
items13,youtube#playlistItem,"""p4VTdlkQv3HQeTEaXgvLePAydmU/izWw1maGs_Rtd1ERe-pL8BPeS48""",UExHNkhvZVNDM3JhRS1FQjhyX3ZWRE9zLTU5a2czU3B2ZC5BMjQ5NDY0QUVGOTBDRDcz,pfz0tDQZhqs,2019-01-01T17:00:05.000Z
items14,youtube#playlistItem,"""p4VTdlkQv3HQeTEaXgvLePAydmU/LjfewK3CyCiHddIP2qyjZbBtL58""",UExHNkhvZVNDM3JhRS1FQjhyX3ZWRE9zLTU5a2czU3B2ZC5FMDEyMEUwQjExM0Q3QjMz,kB5XXn0eKow,2017-12-31T05:19:21.000Z
items15,youtube#playlistItem,"""p4VTdlkQv3HQeTEaXgvLePAydmU/AydUbz8yDqSyuQBTas9b43ozP1s""",UExHNkhvZVNDM3JhRS1FQjhyX3ZWRE9zLTU5a2czU3B2ZC5FREMwNTE1MUI1QzE3Qzgx,ZgNFiYbSr4I,2017-12-31T05:15:42.000Z
items16,youtube#playlistItem,"""p4VTdlkQv3HQeTEaXgvLePAydmU/39HTnppAu_x5lGQHMHctjw7v49k""",UExHNkhvZVNDM3JhRS1FQjhyX3ZWRE9zLTU5a2czU3B2ZC5CODU3RkJEOThGRkRFNkVG,CTdDSYdq4d8,2019-06-07T21:11:51.000Z
items17,youtube#playlistItem,"""p4VTdlkQv3HQeTEaXgvLePAydmU/RfvRhq7lX22hR4XhB1mnScEwQJg""",UExHNkhvZVNDM3JhRS1FQjhyX3ZWRE9zLTU5a2czU3B2ZC5FMUY4QUVEODg0QzhDMEFE,oDcA9BIB_NQ,2017-12-31T05:16:24.000Z
items18,youtube#playlistItem,"""p4VTdlkQv3HQeTEaXgvLePAydmU/dBs3lEBxsE4q2IOdEoBqyKh6nZU""",UExHNkhvZVNDM3JhRS1FQjhyX3ZWRE9zLTU5a2czU3B2ZC4yMEFDNzE1NDIyRUMxRUU5,RhaifCEZks4,2017-12-31T05:22:53.000Z
items19,youtube#playlistItem,"""p4VTdlkQv3HQeTEaXgvLePAydmU/dV7sEzToYSR9hyejxjW3l9tCMIc""",UExHNkhvZVNDM3JhRS1FQjhyX3ZWRE9zLTU5a2czU3B2ZC5EOUYyNEEzMTVDNkM0MEVE,9DLuALBnolM,2017-12-31T05:15:06.000Z
items20,youtube#playlistItem,"""p4VTdlkQv3HQeTEaXgvLePAydmU/JndB8D7Yr55tDdZPf2VpolDNsDs""",UExHNkhvZVNDM3JhRS1FQjhyX3ZWRE9zLTU5a2czU3B2ZC5BQzNFQ0E1Qjg5QkQzRjI4,FRZN7IzvCVs,2014-05-25T06:00:01.000Z
items21,youtube#playlistItem,"""p4VTdlkQv3HQeTEaXgvLePAydmU/5WcNNJxfdG73bAcEbqgF4tf3YQU""",UExHNkhvZVNDM3JhRS1FQjhyX3ZWRE9zLTU5a2czU3B2ZC45MzVCQjk4Nzc1QkIxRkU3,XXc3O6GMZt0,2017-12-31T05:18:48.000Z
items22,youtube#playlistItem,"""p4VTdlkQv3HQeTEaXgvLePAydmU/Ew7XbSKie4dA1oqa1OIHfBXVhmI""",UExHNkhvZVNDM3JhRS1FQjhyX3ZWRE9zLTU5a2czU3B2ZC5GMzIxRjJCNkFFREI3OEFD,iLsvH7_EF34,2017-12-31T05:00:03.000Z
items23,youtube#playlistItem,"""p4VTdlkQv3HQeTEaXgvLePAydmU/bFJ2djMbBzhslEjUlvH008jaEEs""",UExHNkhvZVNDM3JhRS1FQjhyX3ZWRE9zLTU5a2czU3B2ZC44QjIyQzY5NkJCOEI5NDI1,j-emlb2_jdI,2017-12-31T05:00:07.000Z
items24,youtube#playlistItem,"""p4VTdlkQv3HQeTEaXgvLePAydmU/NK8vPXFvQKS0SQ4LV93bo8KXS_s""",UExHNkhvZVNDM3JhRS1FQjhyX3ZWRE9zLTU5a2czU3B2ZC5GRDdBNEJGRUVFNDEwNUZG,eafRE74JGZ8,2017-12-31T05:17:27.000Z
items25,youtube#playlistItem,"""p4VTdlkQv3HQeTEaXgvLePAydmU/MYz0ro1hTTi6f-t6yN7IFVaNHTE""",UExHNkhvZVNDM3JhRS1FQjhyX3ZWRE9zLTU5a2czU3B2ZC5EMEM5QkQ1NTM4OEM5NTc5,f059lvvbDyo,2017-12-31T05:23:31.000Z
items26,youtube#playlistItem,"""p4VTdlkQv3HQeTEaXgvLePAydmU/DlMc9pE4CGKj4GxyhSrFnpz3N3w""",UExHNkhvZVNDM3JhRS1FQjhyX3ZWRE9zLTU5a2czU3B2ZC40MzhERDkxMTUxOUQ2RUQ4,ZdVAH8Z5O90,2017-12-31T05:07:19.000Z
items27,youtube#playlistItem,"""p4VTdlkQv3HQeTEaXgvLePAydmU/uEiSKshwI6-MYl7TS7v692euPLs""",UExHNkhvZVNDM3JhRS1FQjhyX3ZWRE9zLTU5a2czU3B2ZC43RjREMjhDODZEMTEwQjcx,vAjMXH5JQiY,2017-12-31T05:18:08.000Z
items28,youtube#playlistItem,"""p4VTdlkQv3HQeTEaXgvLePAydmU/qN7Iq0aswAezlRVi1Ca7i-3XQZA""",UExHNkhvZVNDM3JhRS1FQjhyX3ZWRE9zLTU5a2czU3B2ZC5CQjRBQjlBMEI4RDgxMDJE,yvwlEPyi6Y4,2017-12-31T05:20:00.000Z
items29,youtube#playlistItem,"""p4VTdlkQv3HQeTEaXgvLePAydmU/oNo2aoXnfSEmvjd-uIPS-RC6zDs""",UExHNkhvZVNDM3JhRS1FQjhyX3ZWRE9zLTU5a2czU3B2ZC45N0EzMzM1MzFCMkUzRjhG,LVzxZcB31Jg,2018-01-02T16:30:13.000Z
items30,youtube#playlistItem,"""p4VTdlkQv3HQeTEaXgvLePAydmU/FjoE_uaqokHuHyevqNVYkLx4rHo""",UExHNkhvZVNDM3JhRS1FQjhyX3ZWRE9zLTU5a2czU3B2ZC4wMjQ0RjUxMUE5QzlBMDkz,AH-Dm-sDgtE,2017-12-31T05:00:02.000Z
items31,youtube#playlistItem,"""p4VTdlkQv3HQeTEaXgvLePAydmU/FgWonRpZCqTrY7MehkBPdTa2fvI""",UExHNkhvZVNDM3JhRS1FQjhyX3ZWRE9zLTU5a2czU3B2ZC41NzlCRjAwMTIyOTlCN0ZC,Ll3MHIBmDGU,2018-06-18T16:00:04.000Z
items32,youtube#playlistItem,"""p4VTdlkQv3HQeTEaXgvLePAydmU/Jv6WCoA96VIl_j6XOBBylFILQVs""",UExHNkhvZVNDM3JhRS1FQjhyX3ZWRE9zLTU5a2czU3B2ZC43NEIwQzcxQ0NBNTY5N0RE,D7oXFmuUHLQ,2017-12-31T05:06:12.000Z
items33,youtube#playlistItem,"""p4VTdlkQv3HQeTEaXgvLePAydmU/nIjMLsH2QiYb2zJ2KshgGnBs0Ig""",UExHNkhvZVNDM3JhRS1FQjhyX3ZWRE9zLTU5a2czU3B2ZC5FOTlFOUVDRkI3N0VBNUM3,4eHMgXlugIU,2014-05-24T06:00:01.000Z
items34,youtube#playlistItem,"""p4VTdlkQv3HQeTEaXgvLePAydmU/6OAEXT65GPIbU-Kp6P3dxFetnVk""",UExHNkhvZVNDM3JhRS1FQjhyX3ZWRE9zLTU5a2czU3B2ZC5EQkQ3OTU5N0QzM0JGODBF,uWYdJpHFmSM,2014-05-23T17:02:27.000Z
items35,youtube#playlistItem,"""p4VTdlkQv3HQeTEaXgvLePAydmU/ftylOvavq5Vvxt7kzpdCFt67iWo""",UExHNkhvZVNDM3JhRS1FQjhyX3ZWRE9zLTU5a2czU3B2ZC4wNTEwNEY4QTYwNjYxQkYx,neUsrOzJ8T8,2017-12-31T05:00:01.000Z
items36,youtube#playlistItem,"""p4VTdlkQv3HQeTEaXgvLePAydmU/UE-t-K9C7KI6WA0NzsCxsqVLAUo""",UExHNkhvZVNDM3JhRS1FQjhyX3ZWRE9zLTU5a2czU3B2ZC5GQTc2NTBDNkI1MDc4Mjk0,p3p2GrSO6JI,2018-03-13T16:00:04.000Z
items37,youtube#playlistItem,"""p4VTdlkQv3HQeTEaXgvLePAydmU/qOjh1n1y1bjZqNrASvtPM5Aj0UA""",UExHNkhvZVNDM3JhRS1FQjhyX3ZWRE9zLTU5a2czU3B2ZC5EQkIyQzNGNUEyQjIwQjIz,wJPsR6GM2yU,2018-01-10T20:11:08.000Z
items38,youtube#playlistItem,"""p4VTdlkQv3HQeTEaXgvLePAydmU/9AtN_vAQo8EFsXB4pD1aKO4lhV4""",UExHNkhvZVNDM3JhRS1FQjhyX3ZWRE9zLTU5a2czU3B2ZC45MzMwQTdEMEM5MkYzODEx,zhUnEg0he4A,2017-12-31T05:20:40.000Z
items39,youtube#playlistItem,"""p4VTdlkQv3HQeTEaXgvLePAydmU/gDAQb7wlD5Jijd7pIugI75T9lAk""",UExHNkhvZVNDM3JhRS1FQjhyX3ZWRE9zLTU5a2czU3B2ZC4wNzQwNzZEQUJCQ0EyMUJD,lbqgAByAKao,2017-12-31T05:00:11.000Z
items40,youtube#playlistItem,"""p4VTdlkQv3HQeTEaXgvLePAydmU/VPquWRIzlPUDpu7zkNrKtR9E9VM""",UExHNkhvZVNDM3JhRS1FQjhyX3ZWRE9zLTU5a2czU3B2ZC42MDJCRjQxQzUzMDY4OUMw,ff8LEx9Mw54,2017-12-31T05:12:47.000Z
items41,youtube#playlistItem,"""p4VTdlkQv3HQeTEaXgvLePAydmU/0m5KkAdfYDzWQRsAWoo85ULMCz0""",UExHNkhvZVNDM3JhRS1FQjhyX3ZWRE9zLTU5a2czU3B2ZC5BOTdCNjFCMDZGQ0U0MkY1,Jpo0IKtYQkA,2017-08-05T17:50:09.000Z
items42,youtube#playlistItem,"""p4VTdlkQv3HQeTEaXgvLePAydmU/OETXMM3G9BNfQ9aprrRU0mE3RBs""",UExHNkhvZVNDM3JhRS1FQjhyX3ZWRE9zLTU5a2czU3B2ZC42MUREOUJDQzc5QTMzQThB,2-RwPfxtOO0,2017-12-31T05:00:04.000Z
items43,youtube#playlistItem,"""p4VTdlkQv3HQeTEaXgvLePAydmU/1QsOY2asQE4qGMN40bcl0ak-RQ8""",UExHNkhvZVNDM3JhRS1FQjhyX3ZWRE9zLTU5a2czU3B2ZC41MTI5N0VDQzdFRDkyRUZB,ddIz-ydl6Yk,2018-02-22T08:00:01.000Z
items44,youtube#playlistItem,"""p4VTdlkQv3HQeTEaXgvLePAydmU/Cr9uwH_yNse6Ip34Ve4vMN6fLzY""",UExHNkhvZVNDM3JhRS1FQjhyX3ZWRE9zLTU5a2czU3B2ZC5BMjFDNjBGMDZERDk0MUY2,fjTUZtpLLSc,2011-04-27T23:05:07.000Z
items45,youtube#playlistItem,"""p4VTdlkQv3HQeTEaXgvLePAydmU/3SiXSDcbg9QOvpfjlpzOy_PQo2M""",UExHNkhvZVNDM3JhRS1FQjhyX3ZWRE9zLTU5a2czU3B2ZC41NjZDMjFGOUE2MkY3RDNC,L-Vdfoz7rVQ,2016-01-17T17:00:00.000Z
items46,youtube#playlistItem,"""p4VTdlkQv3HQeTEaXgvLePAydmU/Io07VdgGEdjkz4qe6NX6gVduF90""",UExHNkhvZVNDM3JhRS1FQjhyX3ZWRE9zLTU5a2czU3B2ZC4yN0MxOTQyMzk2ODM0OUUx,86E3e_i4SKE,2017-09-11T23:28:22.000Z
items47,youtube#playlistItem,"""p4VTdlkQv3HQeTEaXgvLePAydmU/5cDK3pifZeNY1Pyqder2UKFWVPk""",UExHNkhvZVNDM3JhRS1FQjhyX3ZWRE9zLTU5a2czU3B2ZC41QTJEMjk5NEUyNjdBM0Mw,ClEwU46epmY,2019-07-30T16:21:29.000Z
items48,youtube#playlistItem,"""p4VTdlkQv3HQeTEaXgvLePAydmU/ssfnH_voKr6876lKXFSX0GhuFBE""",UExHNkhvZVNDM3JhRS1FQjhyX3ZWRE9zLTU5a2czU3B2ZC5GRjM0QjEzODRBQzFGMDMw,pbk30zUfbUA,2013-04-09T15:56:12.000Z
items49,youtube#playlistItem,"""p4VTdlkQv3HQeTEaXgvLePAydmU/ZyaOpThc_D6QMMswcre-KKUax9w""",UExHNkhvZVNDM3JhRS1FQjhyX3ZWRE9zLTU5a2czU3B2ZC5ENjIzOTBBQ0EwODQzNzU3,qn6gjCC-UBU,2013-05-25T19:15:06.000Z
items50,youtube#playlistItem,"""p4VTdlkQv3HQeTEaXgvLePAydmU/kSTCM2EWxwR1ETEIaZD5lkl3vyY""",UExHNkhvZVNDM3JhRS1FQjhyX3ZWRE9zLTU5a2czU3B2ZC4xM0QzQzUyMkQwQjFEMTlB,nXtMNTb_FYM,2016-04-26T04:53:45.000Z
items1,youtube#playlistItem,"""p4VTdlkQv3HQeTEaXgvLePAydmU/2sZnh7l76tzhCr0p3EdVSu87Qqo""",UExHNkhvZVNDM3JhRS1FQjhyX3ZWRE9zLTU5a2czU3B2ZC43MzIwOTU2QjBDQjgyRjE3,Jr2Sd1MI8Mg,2018-06-21T18:00:01.000Z
items2,youtube#playlistItem,"""p4VTdlkQv3HQeTEaXgvLePAydmU/ITR3M7Kivt23H4KgIjz5_iQByXk""",UExHNkhvZVNDM3JhRS1FQjhyX3ZWRE9zLTU5a2czU3B2ZC4yNzA2Q0E3Qjg1RjU5QzhB,QLdKZ0N3S5E,2018-12-10T17:00:02.000Z
items3,youtube#playlistItem,"""p4VTdlkQv3HQeTEaXgvLePAydmU/V56SXfE7WZwDnpt5QU4xaHz4vHA""",UExHNkhvZVNDM3JhRS1FQjhyX3ZWRE9zLTU5a2czU3B2ZC5GNENCRUIyRTVFMzcwODE2,F8IfiyF5OSE,2019-01-01T03:47:59.000Z
items4,youtube#playlistItem,"""p4VTdlkQv3HQeTEaXgvLePAydmU/1IseAdiAFay3APkvaSfjkt92UgM""",UExHNkhvZVNDM3JhRS1FQjhyX3ZWRE9zLTU5a2czU3B2ZC4zNzNFNjc2M0ZDMkU3NUUy,K-50UFUC5YI,2017-08-24T16:51:01.000Z
items5,youtube#playlistItem,"""p4VTdlkQv3HQeTEaXgvLePAydmU/xV52HJxi3LGVTRPnQLFV_ByJITE""",UExHNkhvZVNDM3JhRS1FQjhyX3ZWRE9zLTU5a2czU3B2ZC41NzNCQjRCOUJFRTFEQzA0,lQ4hYdxMIzY,2011-12-09T00:08:49.000Z
items6,youtube#playlistItem,"""p4VTdlkQv3HQeTEaXgvLePAydmU/82sO4_ADMEfMhVWVHgDdYBMHevY""",UExHNkhvZVNDM3JhRS1FQjhyX3ZWRE9zLTU5a2czU3B2ZC4wOUFEMkI1MjgxMjFBMUEz,Xx0yzU8R55c,2019-09-19T12:38:26.000Z
items7,youtube#playlistItem,"""p4VTdlkQv3HQeTEaXgvLePAydmU/4xCP1o1W9LUe1_Pku0FNJcuFDbY""",UExHNkhvZVNDM3JhRS1FQjhyX3ZWRE9zLTU5a2czU3B2ZC5EMzQ4RTk1QTNCMjYyMjdC,uPBD7CHbjYc,2017-05-18T07:30:50.000Z
items8,youtube#playlistItem,"""p4VTdlkQv3HQeTEaXgvLePAydmU/XeVQy3lzUiSxvf6CCRxaWGbwhn4""",UExHNkhvZVNDM3JhRS1FQjhyX3ZWRE9zLTU5a2czU3B2ZC5GQjNGOTE2RjlGQjc0RUQx,INvVLXGJbo8,2018-09-11T13:30:00.000Z
items9,youtube#playlistItem,"""p4VTdlkQv3HQeTEaXgvLePAydmU/m7gbFGu-GPoZa9gANOFZiJpWtVM""",UExHNkhvZVNDM3JhRS1FQjhyX3ZWRE9zLTU5a2czU3B2ZC40MDY1REVDRDZFNTIyMkRB,AGnQrJAwWsk,2019-02-25T06:31:55.000Z
items10,youtube#playlistItem,"""p4VTdlkQv3HQeTEaXgvLePAydmU/JC8OfFmfVf4D0A6TNb-xOO1-85U""",UExHNkhvZVNDM3JhRS1FQjhyX3ZWRE9zLTU5a2czU3B2ZC5FMjM4QzNGNUQ4QkRGNUMw,Et4MrTvY3zY,2019-08-19T12:56:10.000Z
items11,youtube#playlistItem,"""p4VTdlkQv3HQeTEaXgvLePAydmU/oxvPGPMGfEFvhx5pTyVDQxREoa4""",UExHNkhvZVNDM3JhRS1FQjhyX3ZWRE9zLTU5a2czU3B2ZC4xMjEyOEMwQ0M0NEJFRDBB,vfZzBxrnLNU,2019-09-14T18:00:05.000Z
items12,youtube#playlistItem,"""p4VTdlkQv3HQeTEaXgvLePAydmU/pvNimwUvqSCIrGJDkraRot-xPdg""",UExHNkhvZVNDM3JhRS1FQjhyX3ZWRE9zLTU5a2czU3B2ZC5EOURBRDQ4QzQyQTY1ODAw,x6Eky0Yyikc,2018-04-21T21:33:00.000Z
items13,youtube#playlistItem,"""p4VTdlkQv3HQeTEaXgvLePAydmU/vC1HKtgegYJixEUx2MLKfNbptyY""",UExHNkhvZVNDM3JhRS1FQjhyX3ZWRE9zLTU5a2czU3B2ZC5BRDg0NjAwN0M0NzZFNjQ2,HIaWNz-susE,2017-03-21T19:48:04.000Z
items14,youtube#playlistItem,"""p4VTdlkQv3HQeTEaXgvLePAydmU/6uXNQKQxhrBqDWSKk0V6AG1J-Yk""",UExHNkhvZVNDM3JhRS1FQjhyX3ZWRE9zLTU5a2czU3B2ZC5ERDY2OUUyQzhFMDI1REU1,2MZZ__5F_-A,2019-08-27T00:34:04.000Z
items15,youtube#playlistItem,"""p4VTdlkQv3HQeTEaXgvLePAydmU/QKvl-TgIi06VDqReQNbfoz_Ssb0""",UExHNkhvZVNDM3JhRS1FQjhyX3ZWRE9zLTU5a2czU3B2ZC4xQUJENDY4NjhEOEY2NTA2,toAEQTsidvg,2010-08-12T17:10:59.000Z
items16,youtube#playlistItem,"""p4VTdlkQv3HQeTEaXgvLePAydmU/qfs05cUXoqQ_WBB-7GEYO9SkROk""",UExHNkhvZVNDM3JhRS1FQjhyX3ZWRE9zLTU5a2czU3B2ZC4wQTVEQjc3QjcyNEJGNzdC,pZ_R4glgnOg,2018-01-13T18:00:04.000Z
items17,youtube#playlistItem,"""p4VTdlkQv3HQeTEaXgvLePAydmU/rPrrggUkVGHsc36OejMLgYuYB58""",UExHNkhvZVNDM3JhRS1FQjhyX3ZWRE9zLTU5a2czU3B2ZC4yREI1RjBDRTAwMjg2MEIx,C-L06Plh8wo,2018-08-08T04:31:08.000Z
items18,youtube#playlistItem,"""p4VTdlkQv3HQeTEaXgvLePAydmU/g1UB1CUKH0DVuVClkbafDXxmf5s""",UExHNkhvZVNDM3JhRS1FQjhyX3ZWRE9zLTU5a2czU3B2ZC4zREJCOTg0RjdDRDU5RkNB,fYTBvipKsyA,2016-12-02T05:26:34.000Z
items19,youtube#playlistItem,"""p4VTdlkQv3HQeTEaXgvLePAydmU/mBNU-xT-hWBkW3O8N5w7P8VgQqk""",UExHNkhvZVNDM3JhRS1FQjhyX3ZWRE9zLTU5a2czU3B2ZC5ENjhGMjExNDE1OTYwMEQ4,QOhq4yDUwoM,2019-02-20T23:28:37.000Z
items20,youtube#playlistItem,"""p4VTdlkQv3HQeTEaXgvLePAydmU/PK3aICyzHgjhKLoQAUuD5VOfkMM""",UExHNkhvZVNDM3JhRS1FQjhyX3ZWRE9zLTU5a2czU3B2ZC4zQ0FFN0MwNUUwMTQzMEJD,zGnFTdwe2sM,2016-06-28T00:12:15.000Z
items21,youtube#playlistItem,"""p4VTdlkQv3HQeTEaXgvLePAydmU/xAdbT0K0zBl6R9SWd0rMqcRM_6A""",UExHNkhvZVNDM3JhRS1FQjhyX3ZWRE9zLTU5a2czU3B2ZC5EMEE3NTkxRkY0MzFCODU1,Q3I9ENHz_UA,2012-12-01T02:38:29.000Z
items22,youtube#playlistItem,"""p4VTdlkQv3HQeTEaXgvLePAydmU/KN3B9zhDJLWRX4R2KqbsGba-TVk""",UExHNkhvZVNDM3JhRS1FQjhyX3ZWRE9zLTU5a2czU3B2ZC43RTU3NEM1MzJEOUFGOTEz,YT6OFZBAsbY,2018-02-01T04:28:09.000Z
items23,youtube#playlistItem,"""p4VTdlkQv3HQeTEaXgvLePAydmU/uP6pfXKOnYrenDSTlBihqsiIiZE""",UExHNkhvZVNDM3JhRS1FQjhyX3ZWRE9zLTU5a2czU3B2ZC4zQkI3NEQ5MzRDQjhCODU1,rmc_HC4MVUU,2012-07-26T06:27:40.000Z
items24,youtube#playlistItem,"""p4VTdlkQv3HQeTEaXgvLePAydmU/anplDzzWd1z_1oxNc8gI_SE99m0""",UExHNkhvZVNDM3JhRS1FQjhyX3ZWRE9zLTU5a2czU3B2ZC40NjYzNkNBMUQ0RDFGOTlD,B-hynjEdTaY,2013-10-26T02:34:20.000Z
items25,youtube#playlistItem,"""p4VTdlkQv3HQeTEaXgvLePAydmU/8NCJ320rOU3cyu0Gp0fdHWcZJeY""",UExHNkhvZVNDM3JhRS1FQjhyX3ZWRE9zLTU5a2czU3B2ZC42MjY3MUFGM0IxQkNCMkZB,gZWb5nSSbtc,2011-03-10T13:00:10.000Z
items26,youtube#playlistItem,"""p4VTdlkQv3HQeTEaXgvLePAydmU/TRLp7t1rGS5xk1Rc4ANsB5zFDpU""",UExHNkhvZVNDM3JhRS1FQjhyX3ZWRE9zLTU5a2czU3B2ZC40RTc0NjYxNDU0NEMxQkI1,V4zHD4xfa6s,2018-04-05T22:40:28.000Z
items27,youtube#playlistItem,"""p4VTdlkQv3HQeTEaXgvLePAydmU/Rj3YHU4XAf7psw1kQPv8K2Q4ogE""",UExHNkhvZVNDM3JhRS1FQjhyX3ZWRE9zLTU5a2czU3B2ZC5CNTlFQ0U3QkQxM0QwQkQ1,Z0S9VEm3bT4,2011-01-15T04:03:22.000Z
items28,youtube#playlistItem,"""p4VTdlkQv3HQeTEaXgvLePAydmU/p5b_H5Z2S5RjvZeiEfclAZkhhz8""",UExHNkhvZVNDM3JhRS1FQjhyX3ZWRE9zLTU5a2czU3B2ZC45MDgzMkJFODZBMDFENEY3,x8CuIpfOoaM,2019-08-04T04:43:34.000Z
items29,youtube#playlistItem,"""p4VTdlkQv3HQeTEaXgvLePAydmU/LJo59aK-cq5qK4NVRdMocjoLKCs""",UExHNkhvZVNDM3JhRS1FQjhyX3ZWRE9zLTU5a2czU3B2ZC5CNUY2MTU1OENCRUYwRUQ4,W7UErDmH8Cw,2015-12-08T12:46:14.000Z
items30,youtube#playlistItem,"""p4VTdlkQv3HQeTEaXgvLePAydmU/AW5nPn2KU8KL3o0a481hLpOvVq8""",UExHNkhvZVNDM3JhRS1FQjhyX3ZWRE9zLTU5a2czU3B2ZC5FNzMxNjUyMjdBQzNBNURF,1N5p8IXzNdc,2010-08-14T06:24:35.000Z
items31,youtube#playlistItem,"""p4VTdlkQv3HQeTEaXgvLePAydmU/R6TBqbdOU5ROm-AejkVNVOdgtRQ""",UExHNkhvZVNDM3JhRS1FQjhyX3ZWRE9zLTU5a2czU3B2ZC41RDA0NDlBMkE0MkY4N0ZG,qOpf5L0Ehgk,2010-10-15T05:03:37.000Z
items32,youtube#playlistItem,"""p4VTdlkQv3HQeTEaXgvLePAydmU/vLn5A8TwiJ9TpCzQpLwlL_yZGQg""",UExHNkhvZVNDM3JhRS1FQjhyX3ZWRE9zLTU5a2czU3B2ZC4yRjUzQzk3RjZDQzg3OUNE,NiWRxkHUr80,2008-03-09T18:51:20.000Z
items33,youtube#playlistItem,"""p4VTdlkQv3HQeTEaXgvLePAydmU/6N6wZ2D8b5hO7ZD9F55W-G-19ag""",UExHNkhvZVNDM3JhRS1FQjhyX3ZWRE9zLTU5a2czU3B2ZC41NUEwRkE2NDFCMkIwNjYz,PTjQUHbYbrE,2019-01-27T05:23:26.000Z
items34,youtube#playlistItem,"""p4VTdlkQv3HQeTEaXgvLePAydmU/WK5WjGRXTr9e1U_H_FMq87CVrOc""",UExHNkhvZVNDM3JhRS1FQjhyX3ZWRE9zLTU5a2czU3B2ZC4yODc5NEYwREI2RjE4REEy,B-BwAWHRjdU,2016-11-15T21:00:41.000Z
items35,youtube#playlistItem,"""p4VTdlkQv3HQeTEaXgvLePAydmU/lT3v4LoHw7Cb8nGyD-gdpoTryrg""",UExHNkhvZVNDM3JhRS1FQjhyX3ZWRE9zLTU5a2czU3B2ZC4wMjA5QkMwNkQxNDUxMUY5,iLg4ymNDguc,2009-11-16T11:53:13.000Z
items36,youtube#playlistItem,"""p4VTdlkQv3HQeTEaXgvLePAydmU/RUV91XCPAICxtJTUyJgQ3sGQkVM""",UExHNkhvZVNDM3JhRS1FQjhyX3ZWRE9zLTU5a2czU3B2ZC5BNDU3NDU0MDFDQkFCQjhF,YR-9epAXXe8,2015-03-02T05:01:27.000Z
items37,youtube#playlistItem,"""p4VTdlkQv3HQeTEaXgvLePAydmU/U_6pHnAfVTCTYhekspWhUYf-UVU""",UExHNkhvZVNDM3JhRS1FQjhyX3ZWRE9zLTU5a2czU3B2ZC5BNjg0ODlDOUMyMDQ2NzM4,Sm16553pXJc,2017-04-12T17:46:39.000Z
items38,youtube#playlistItem,"""p4VTdlkQv3HQeTEaXgvLePAydmU/2omKkHltiJ2SK2Sjmc5XjCkP5Dk""",UExHNkhvZVNDM3JhRS1FQjhyX3ZWRE9zLTU5a2czU3B2ZC45Q0ZBMzdENUQ1MUExMzBG,ZSedEuYgFqk,2018-03-16T18:55:23.000Z
items39,youtube#playlistItem,"""p4VTdlkQv3HQeTEaXgvLePAydmU/e8coLMOWpbnBGJXFPZh2HiQdt3E""",UExHNkhvZVNDM3JhRS1FQjhyX3ZWRE9zLTU5a2czU3B2ZC4yREM1OEE5RUIzRTFGN0VG,iT7E279yuic,2013-01-24T18:27:11.000Z
items40,youtube#playlistItem,"""p4VTdlkQv3HQeTEaXgvLePAydmU/dWeLBAZc502Y0ufPj2X5MdAwD9Q""",UExHNkhvZVNDM3JhRS1FQjhyX3ZWRE9zLTU5a2czU3B2ZC5DMEY4ODFFNDM4MkM2MUUy,wqSHVtcsYJs,2019-07-01T16:37:31.000Z
items41,youtube#playlistItem,"""p4VTdlkQv3HQeTEaXgvLePAydmU/gU5rTdLuwvvGVegogHwMtWwQMCw""",UExHNkhvZVNDM3JhRS1FQjhyX3ZWRE9zLTU5a2czU3B2ZC43NzdBQkFGMEE4MjQ0QTgx,8L6H4oh4EyI,2018-12-14T05:02:26.000Z
items42,youtube#playlistItem,"""p4VTdlkQv3HQeTEaXgvLePAydmU/H27AwxbbWIg81V6MrdSILwWRvfs""",UExHNkhvZVNDM3JhRS1FQjhyX3ZWRE9zLTU5a2czU3B2ZC45QTk1N0IzMjg4RUI5RUEz,UeqLYhrg1wI,2009-01-05T03:17:39.000Z
items43,youtube#playlistItem,"""p4VTdlkQv3HQeTEaXgvLePAydmU/vwKvOW7O7sVHrGID7KuKs_ltmrs""",UExHNkhvZVNDM3JhRS1FQjhyX3ZWRE9zLTU5a2czU3B2ZC45NEE0OEZEMjdBQjQ2REEy,85FDEO0n8wM,2015-12-22T07:46:54.000Z
items44,youtube#playlistItem,"""p4VTdlkQv3HQeTEaXgvLePAydmU/vzQJq-y7f6dNDoVLZ7RC1PiPor0""",UExHNkhvZVNDM3JhRS1FQjhyX3ZWRE9zLTU5a2czU3B2ZC5CMUVGN0QxODBEODIxMENB,jcnmyOFT418,2018-08-09T17:47:18.000Z
items45,youtube#playlistItem,"""p4VTdlkQv3HQeTEaXgvLePAydmU/j4HDf3F7rS-lYEEZO8JPfSsTwHQ""",UExHNkhvZVNDM3JhRS1FQjhyX3ZWRE9zLTU5a2czU3B2ZC4zM0JDQzFFNTRBNTMxMTI3,Zf0hjLJZFng,2011-07-29T00:50:45.000Z
items46,youtube#playlistItem,"""p4VTdlkQv3HQeTEaXgvLePAydmU/jLSfW1c_PJElwwHcFDoQPbp1cxw""",UExHNkhvZVNDM3JhRS1FQjhyX3ZWRE9zLTU5a2czU3B2ZC40NzY4MUZCREI0NjlBODg5,2kvns1iw9hA,2019-09-13T01:06:49.000Z
items47,youtube#playlistItem,"""p4VTdlkQv3HQeTEaXgvLePAydmU/rmqOTljLGX-QWNYEuDbVwpI_DHQ""",UExHNkhvZVNDM3JhRS1FQjhyX3ZWRE9zLTU5a2czU3B2ZC40QjFGQTI5Mjg4M0E0NEYw,kku2LvTY2Ic,2015-03-02T05:01:32.000Z
items48,youtube#playlistItem,"""p4VTdlkQv3HQeTEaXgvLePAydmU/VpuafG0ZLXtvj5sPNizz7-_UiU0""",UExHNkhvZVNDM3JhRS1FQjhyX3ZWRE9zLTU5a2czU3B2ZC43MzA1NjkyQjVDRDMwODg0,oTZETtLCZZ0,2016-02-03T01:04:26.000Z
items49,youtube#playlistItem,"""p4VTdlkQv3HQeTEaXgvLePAydmU/_c8WKwPIQj35tyCHmWg2ueRTeBE""",UExHNkhvZVNDM3JhRS1FQjhyX3ZWRE9zLTU5a2czU3B2ZC45MzFEOTc3RjVGRjI4RTg3,qcUAvb1WsFg,2013-05-26T16:57:31.000Z
items50,youtube#playlistItem,"""p4VTdlkQv3HQeTEaXgvLePAydmU/uElT_jNmaeWaN-LtJEfQMtvHqVc""",UExHNkhvZVNDM3JhRS1FQjhyX3ZWRE9zLTU5a2czU3B2ZC4yQ0NBNDIxMDNEMjY3MkUz,zNyqYOUxBrY,2015-05-09T16:00:07.000Z
items1,youtube#playlistItem,"""p4VTdlkQv3HQeTEaXgvLePAydmU/5isZHHh4au3nXC4eaRIr3ATwzDg""",UExHNkhvZVNDM3JhRS1FQjhyX3ZWRE9zLTU5a2czU3B2ZC5BQzk2RkYyQ0RFNTYzNTQ2,Ze4nm4lM2P4,2011-12-14T00:49:29.000Z
items2,youtube#playlistItem,"""p4VTdlkQv3HQeTEaXgvLePAydmU/ntnTFxedWKDsmFstqMq06JJNTBM""",UExHNkhvZVNDM3JhRS1FQjhyX3ZWRE9zLTU5a2czU3B2ZC5GQ0E1MkMzMTBFRkI2RDM5,tjtgcKNrvZA,2015-03-02T05:01:34.000Z
items3,youtube#playlistItem,"""p4VTdlkQv3HQeTEaXgvLePAydmU/hagqGlPh0CKkF4vL2FRMftAU-pQ""",UExHNkhvZVNDM3JhRS1FQjhyX3ZWRE9zLTU5a2czU3B2ZC5FRjk4RkEwMTMxMTI3MUYw,Jhs6TYBkx4s,2017-02-08T16:52:04.000Z
items4,youtube#playlistItem,"""p4VTdlkQv3HQeTEaXgvLePAydmU/LszAtTWUDdzyzKGFXuhsAtui51M""",UExHNkhvZVNDM3JhRS1FQjhyX3ZWRE9zLTU5a2czU3B2ZC4wMzAyNTREMDg0RDQyRkE3,0-WKNwgMYxM,2019-09-10T18:00:08.000Z
items5,youtube#playlistItem,"""p4VTdlkQv3HQeTEaXgvLePAydmU/hQq4JDuMy93AnGKugRbFXv7-b0s""",UExHNkhvZVNDM3JhRS1FQjhyX3ZWRE9zLTU5a2czU3B2ZC44NjhFMEYwODU0QkNCRTE4,LoOlSzGuQ9A,2019-01-01T03:51:24.000Z
items6,youtube#playlistItem,"""p4VTdlkQv3HQeTEaXgvLePAydmU/6pk3vFk1DtaC_PZrDXjB2-_-scM""",UExHNkhvZVNDM3JhRS1FQjhyX3ZWRE9zLTU5a2czU3B2ZC41NjU1QkExNTExQjcwRThB,LqOBynds_4Y,2016-11-22T03:45:52.000Z
items7,youtube#playlistItem,"""p4VTdlkQv3HQeTEaXgvLePAydmU/d2r3GoG4JRITw5MwEPUqOSGvrIw""",UExHNkhvZVNDM3JhRS1FQjhyX3ZWRE9zLTU5a2czU3B2ZC45QUU1REFFRjM4QjA5NjMz,tR6EPGUJLok,2017-03-09T18:19:41.000Z
items8,youtube#playlistItem,"""p4VTdlkQv3HQeTEaXgvLePAydmU/DNV3R0FGklv-IEALrYlq9hbjmQ8""",UExHNkhvZVNDM3JhRS1FQjhyX3ZWRE9zLTU5a2czU3B2ZC43NDhCREZGMkNCM0ZCMUUz,bC5LaHUnQMA,2015-04-29T14:44:03.000Z
items9,youtube#playlistItem,"""p4VTdlkQv3HQeTEaXgvLePAydmU/rMYOs75omMv0pnq0pWxWdxVc2qY""",UExHNkhvZVNDM3JhRS1FQjhyX3ZWRE9zLTU5a2czU3B2ZC43NTkxNzEzQzU0RDc5OEJE,MeNQp55xM4o,2017-03-22T02:56:57.000Z
items10,youtube#playlistItem,"""p4VTdlkQv3HQeTEaXgvLePAydmU/r6Vo2fZubCtDrM8gljjPdcuMvwQ""",UExHNkhvZVNDM3JhRS1FQjhyX3ZWRE9zLTU5a2czU3B2ZC5FNDNFMDA3OEIwNUEzNTQ4,8WZ14Lcu-_E,2017-08-15T23:45:10.000Z
items11,youtube#playlistItem,"""p4VTdlkQv3HQeTEaXgvLePAydmU/4Nwwk2aLtwkNyYZEbAKWqT_QyMk""",UExHNkhvZVNDM3JhRS1FQjhyX3ZWRE9zLTU5a2czU3B2ZC5EMDdDNEYxRTVGRjZEM0ZB,APgrUnNQPQw,2010-08-06T08:14:30.000Z
items12,youtube#playlistItem,"""p4VTdlkQv3HQeTEaXgvLePAydmU/DkzWdZ8pTthgk8rpzG-4-B4ufbI""",UExHNkhvZVNDM3JhRS1FQjhyX3ZWRE9zLTU5a2czU3B2ZC44MTA2RjhFNTI4QTVFNURD,7mKXu-ZkQbk,2018-04-03T17:05:22.000Z
items13,youtube#playlistItem,"""p4VTdlkQv3HQeTEaXgvLePAydmU/BLcFCleHt5PFAk0EgCz934ejBH4""",UExHNkhvZVNDM3JhRS1FQjhyX3ZWRE9zLTU5a2czU3B2ZC44MThCMTBCNDJBNzg2OTUz,q1H8hAkwwfA,2014-08-26T23:51:53.000Z
items14,youtube#playlistItem,"""p4VTdlkQv3HQeTEaXgvLePAydmU/syYE6sG4_-kB4vHwbtLpR2ILCLA""",UExHNkhvZVNDM3JhRS1FQjhyX3ZWRE9zLTU5a2czU3B2ZC5GODMwMzgwRTkyMjdBRjBG,lWSZSusKOU4,2013-05-28T02:07:03.000Z
items15,youtube#playlistItem,"""p4VTdlkQv3HQeTEaXgvLePAydmU/E5WzDS5iamRtANXOj9wZ3y6xiP8""",UExHNkhvZVNDM3JhRS1FQjhyX3ZWRE9zLTU5a2czU3B2ZC40RDFFQzk0QUEyQjMwMjU0,phQYoNOqZcU,2018-09-26T05:02:36.000Z
items16,youtube#playlistItem,"""p4VTdlkQv3HQeTEaXgvLePAydmU/GOw5cLomDvX7uhhNyBCL9eNp6uc""",UExHNkhvZVNDM3JhRS1FQjhyX3ZWRE9zLTU5a2czU3B2ZC45OTMzMjlFQzQ1NDE4MkIw,c_FCbtlVYLw,2013-05-14T14:30:12.000Z
items17,youtube#playlistItem,"""p4VTdlkQv3HQeTEaXgvLePAydmU/b-Z8o-uUz5ojse_skcNitqlO8oI""",UExHNkhvZVNDM3JhRS1FQjhyX3ZWRE9zLTU5a2czU3B2ZC4wNkQzNjE5RDNBNzRFMDM2,lNY6NxOgqDc,2012-01-07T18:06:14.000Z
items18,youtube#playlistItem,"""p4VTdlkQv3HQeTEaXgvLePAydmU/QetJfiecteKYQwqTT-bSCgqXj-A""",UExHNkhvZVNDM3JhRS1FQjhyX3ZWRE9zLTU5a2czU3B2ZC5DMjVGNUVGQTk3MkFEMTgz,OBgrXxTnTGY,2019-01-25T23:36:12.000Z
items19,youtube#playlistItem,"""p4VTdlkQv3HQeTEaXgvLePAydmU/7wni_wuXakG_YuZeHGwZdySdwZc""",UExHNkhvZVNDM3JhRS1FQjhyX3ZWRE9zLTU5a2czU3B2ZC5DRjcyODYxQThEMEVBMzA4,YGE0AGmMXkk,2006-05-23T01:23:39.000Z
items20,youtube#playlistItem,"""p4VTdlkQv3HQeTEaXgvLePAydmU/rK8H0l8GZdqsiRh19-LypiIWq9E""",UExHNkhvZVNDM3JhRS1FQjhyX3ZWRE9zLTU5a2czU3B2ZC44NTFGNDJDN0U5RDcxRTA4,-ynHKhRn2cg,2012-09-08T07:48:00.000Z
items21,youtube#playlistItem,"""p4VTdlkQv3HQeTEaXgvLePAydmU/p3FqxMNo_Ij2GYX6goEqHpJ_gJU""",UExHNkhvZVNDM3JhRS1FQjhyX3ZWRE9zLTU5a2czU3B2ZC4wRUE2RDc0NkMwNDE5RjdF,BzEUwfgk0jc,2011-04-05T22:04:41.000Z
items22,youtube#playlistItem,"""p4VTdlkQv3HQeTEaXgvLePAydmU/nCLM1w1el8xGEJmq_NKrjmXJdRY""",UExHNkhvZVNDM3JhRS1FQjhyX3ZWRE9zLTU5a2czU3B2ZC45MDNFQTEwOTdEMDkxNjVC,mpOKjMgtk44,2017-04-13T16:00:18.000Z
items23,youtube#playlistItem,"""p4VTdlkQv3HQeTEaXgvLePAydmU/Mq2JtAytzc6kYJZoQ1tmKUmcRGM""",UExHNkhvZVNDM3JhRS1FQjhyX3ZWRE9zLTU5a2czU3B2ZC4zODBDODExODRCQUQyMzA4,Zdclniun2WE,2018-10-22T15:58:23.000Z
items24,youtube#playlistItem,"""p4VTdlkQv3HQeTEaXgvLePAydmU/qYGS7VFvZgA8LLgLs8R66WB9tMs""",UExHNkhvZVNDM3JhRS1FQjhyX3ZWRE9zLTU5a2czU3B2ZC4yMUE0MjVEMjFBMkQ0MUZE,efHo3q2qVeg,2009-12-28T00:59:14.000Z
items25,youtube#playlistItem,"""p4VTdlkQv3HQeTEaXgvLePAydmU/E6Z0gYzxSrTn5zv6iiJCANpn_-I""",UExHNkhvZVNDM3JhRS1FQjhyX3ZWRE9zLTU5a2czU3B2ZC42QzkyQjRCMzdGRkNGQ0NB,NRApcl9jVMo,2016-11-14T04:28:09.000Z
items26,youtube#playlistItem,"""p4VTdlkQv3HQeTEaXgvLePAydmU/hS_YXI7I5gTKX1Mmm5DVG_Tl6ZM""",UExHNkhvZVNDM3JhRS1FQjhyX3ZWRE9zLTU5a2czU3B2ZC41RDZGMEVDRDY1N0EwODMy,Rfrp8T8Fi8s,2008-12-30T22:56:38.000Z
items27,youtube#playlistItem,"""p4VTdlkQv3HQeTEaXgvLePAydmU/s_Wa3zbvGGlIXGakvYvmEgUcQwI""",UExHNkhvZVNDM3JhRS1FQjhyX3ZWRE9zLTU5a2czU3B2ZC5DNTYyMzBCRjdCNzk1OUQz,u83A_IDEHU0,2017-11-05T23:00:02.000Z
items28,youtube#playlistItem,"""p4VTdlkQv3HQeTEaXgvLePAydmU/JEJCAd5gUaL5Sdom7eV0Nx-k5kw""",UExHNkhvZVNDM3JhRS1FQjhyX3ZWRE9zLTU5a2czU3B2ZC4xRDNFMTVEREQ4Mjc0MTc1,X3tBstIsWNQ,2017-06-23T08:04:07.000Z
items29,youtube#playlistItem,"""p4VTdlkQv3HQeTEaXgvLePAydmU/GOSLbR8MTOUkU9wNIczCqFgk8gI""",UExHNkhvZVNDM3JhRS1FQjhyX3ZWRE9zLTU5a2czU3B2ZC4xMzZCQ0Q3MjcxODkwRTFE,N2mhP6HGHJQ,2016-04-22T22:53:47.000Z
items30,youtube#playlistItem,"""p4VTdlkQv3HQeTEaXgvLePAydmU/VEcYjTwEERgctlwTeiaJ70kOAtY""",UExHNkhvZVNDM3JhRS1FQjhyX3ZWRE9zLTU5a2czU3B2ZC4zM0IxREYwQkRBMUE1QTZG,7rYquDaQCQU,2018-12-05T21:33:28.000Z
items31,youtube#playlistItem,"""p4VTdlkQv3HQeTEaXgvLePAydmU/_Dcw5r6v3h9l_NUQx20I5BGMbdQ""",UExHNkhvZVNDM3JhRS1FQjhyX3ZWRE9zLTU5a2czU3B2ZC5DOEMxNDFFQjU4QUNENTMw,0LrpSqrS15s,2015-09-24T18:40:37.000Z
items32,youtube#playlistItem,"""p4VTdlkQv3HQeTEaXgvLePAydmU/_zcN8_A2-YH_GI6zGKL4XehuNqA""",UExHNkhvZVNDM3JhRS1FQjhyX3ZWRE9zLTU5a2czU3B2ZC5GQjY0RkIyNzEwMUREODky,6Akkg65Wizw,2013-03-09T18:57:11.000Z
items33,youtube#playlistItem,"""p4VTdlkQv3HQeTEaXgvLePAydmU/Hm2wgnKWQe9yI0wRfvVvmrP7mTo""",UExHNkhvZVNDM3JhRS1FQjhyX3ZWRE9zLTU5a2czU3B2ZC5ERTNCRjQyNEEzNzIxNjQ1,2ONHzLnh1rc,2016-05-17T14:32:13.000Z
items34,youtube#playlistItem,"""p4VTdlkQv3HQeTEaXgvLePAydmU/LUqK03VXFtDId40IA1YycV46sZk""",UExHNkhvZVNDM3JhRS1FQjhyX3ZWRE9zLTU5a2czU3B2ZC5ERjMxMUM0QzdEOUNEMTg4,W9amD8YHRnk,2013-02-06T07:26:03.000Z
items35,youtube#playlistItem,"""p4VTdlkQv3HQeTEaXgvLePAydmU/kKxDtzeT_VUq4vGOEQILlRl-L9c""",UExHNkhvZVNDM3JhRS1FQjhyX3ZWRE9zLTU5a2czU3B2ZC42RjgzNTk2RTVGQzA0OUVC,NsUOp2n3omE,2017-01-02T18:00:14.000Z
items36,youtube#playlistItem,"""p4VTdlkQv3HQeTEaXgvLePAydmU/N42v8wpvAyFYwUiDOtrxDCnaq70""",UExHNkhvZVNDM3JhRS1FQjhyX3ZWRE9zLTU5a2czU3B2ZC44QzlBQjhCMUYyMUYzNzE1,j-S_JrVoAKY,2017-11-12T15:00:03.000Z
items37,youtube#playlistItem,"""p4VTdlkQv3HQeTEaXgvLePAydmU/HIFI0jLruWYaHFrD7XTPZF3TgiQ""",UExHNkhvZVNDM3JhRS1FQjhyX3ZWRE9zLTU5a2czU3B2ZC44NUFFNzM3MDNCNDlDNkM0,C9aHo4L0-M4,2006-03-16T02:15:05.000Z
items38,youtube#playlistItem,"""p4VTdlkQv3HQeTEaXgvLePAydmU/mMc6z-_Wp09W6-8bqVMqldGQiE0""",UExHNkhvZVNDM3JhRS1FQjhyX3ZWRE9zLTU5a2czU3B2ZC4yMzM5OTVCMjc3MUFBNDY0,pMmh5nsCtxI,2007-12-15T03:51:57.000Z
items39,youtube#playlistItem,"""p4VTdlkQv3HQeTEaXgvLePAydmU/G-snYh7BbY-3qdVtOkC7aQO4jLA""",UExHNkhvZVNDM3JhRS1FQjhyX3ZWRE9zLTU5a2czU3B2ZC4zNUZEMzc2REYwNTdDOTdE,Q_4bp8bBNVw,2013-12-24T11:09:38.000Z
items40,youtube#playlistItem,"""p4VTdlkQv3HQeTEaXgvLePAydmU/LlTKoQZcvSTDM9b0u0oTUg2jg1I""",UExHNkhvZVNDM3JhRS1FQjhyX3ZWRE9zLTU5a2czU3B2ZC5DNDIyRjU0MTQ2NzNBMEIw,aEbaetek-V8,2017-09-12T00:39:44.000Z
items41,youtube#playlistItem,"""p4VTdlkQv3HQeTEaXgvLePAydmU/NZPBwILb6-6cXmgHzJllOzUtAog""",UExHNkhvZVNDM3JhRS1FQjhyX3ZWRE9zLTU5a2czU3B2ZC5EMDI2MjJBQThDNzc5QjlC,aqpfWj-927g,2012-02-14T21:27:53.000Z
items42,youtube#playlistItem,"""p4VTdlkQv3HQeTEaXgvLePAydmU/J9luyWepQ5ImSKa8XedpipsL25Y""",UExHNkhvZVNDM3JhRS1FQjhyX3ZWRE9zLTU5a2czU3B2ZC4xQzMwMjFFQjVFOURENjE0,3VkFOtyc1JQ,2010-04-17T04:17:22.000Z
items43,youtube#playlistItem,"""p4VTdlkQv3HQeTEaXgvLePAydmU/rsFibNh4ov5vivjn5hVRUiRiV7I""",UExHNkhvZVNDM3JhRS1FQjhyX3ZWRE9zLTU5a2czU3B2ZC45MTI3RjdCMEY4Q0UxM0E5,kMFJBd40Awo,2010-02-07T15:30:49.000Z
items44,youtube#playlistItem,"""p4VTdlkQv3HQeTEaXgvLePAydmU/DmZT4wmv-i2Hz7_tu_D48hrcAU0""",UExHNkhvZVNDM3JhRS1FQjhyX3ZWRE9zLTU5a2czU3B2ZC42QjRCODFDQzhGQzczRjlD,zPwfMDQIXEQ,2012-07-03T02:38:03.000Z
items45,youtube#playlistItem,"""p4VTdlkQv3HQeTEaXgvLePAydmU/A9xNzEBRAtpUQYYych2imEX6ie8""",UExHNkhvZVNDM3JhRS1FQjhyX3ZWRE9zLTU5a2czU3B2ZC4xQjMxODA4NjgyNzJBNUZD,8j-R8n6Q0PY,2011-12-23T03:50:17.000Z
items46,youtube#playlistItem,"""p4VTdlkQv3HQeTEaXgvLePAydmU/7E1P1Ei3cUki_GIE-3GJdbEXpeI""",UExHNkhvZVNDM3JhRS1FQjhyX3ZWRE9zLTU5a2czU3B2ZC4yQURFRjlBRDg4OURGQ0VF,a4gouVipJ5o,2017-11-16T14:35:41.000Z
items47,youtube#playlistItem,"""p4VTdlkQv3HQeTEaXgvLePAydmU/GsX5cny41u3x8RMsomfepWvpxas""",UExHNkhvZVNDM3JhRS1FQjhyX3ZWRE9zLTU5a2czU3B2ZC4xOTgwMTFEOUFBNDkzNjYz,zen5LjBFTI4,2010-03-12T09:53:32.000Z
items48,youtube#playlistItem,"""p4VTdlkQv3HQeTEaXgvLePAydmU/DDd8h2pz06lMg6JZfY8N7dFV9lI""",UExHNkhvZVNDM3JhRS1FQjhyX3ZWRE9zLTU5a2czU3B2ZC5DNkZGNDJBQkM4NTE4MjBC,masCbpUgwak,2015-10-11T15:41:10.000Z
items49,youtube#playlistItem,"""p4VTdlkQv3HQeTEaXgvLePAydmU/eB04mtmBWjfA7Zlfz5zyMLRlfgU""",UExHNkhvZVNDM3JhRS1FQjhyX3ZWRE9zLTU5a2czU3B2ZC5DOUREMDVDQkU2RjY3RjM2,mZKvj4k8Q-o,2016-04-11T01:01:34.000Z
items50,youtube#playlistItem,"""p4VTdlkQv3HQeTEaXgvLePAydmU/rwgLfwzQgZQu26kNFRaGmH86rUI""",UExHNkhvZVNDM3JhRS1FQjhyX3ZWRE9zLTU5a2czU3B2ZC44NTcyMjI4Njk2Qzc2RUQ4,-j9ydGyM9fU,2010-10-16T19:46:21.000Z
items1,youtube#playlistItem,"""p4VTdlkQv3HQeTEaXgvLePAydmU/mWmEYP29MXUDHjt9gX9OggEKw3Y""",UExHNkhvZVNDM3JhRS1FQjhyX3ZWRE9zLTU5a2czU3B2ZC45RkRCQUU0Q0M5QTBBNTgz,UAazxxeuQ0o,2009-07-30T02:06:09.000Z
items2,youtube#playlistItem,"""p4VTdlkQv3HQeTEaXgvLePAydmU/UKJtUm3lVvZDcTxoa9uRcY0pNwY""",UExHNkhvZVNDM3JhRS1FQjhyX3ZWRE9zLTU5a2czU3B2ZC5BOUUzRDk5RDI1OUZBQzZB,1y5ITJ5nrAY,2019-07-21T10:34:53.000Z
items3,youtube#playlistItem,"""p4VTdlkQv3HQeTEaXgvLePAydmU/oJOI9-cj-WY7Bu57oSmqUzAbKkU""",UExHNkhvZVNDM3JhRS1FQjhyX3ZWRE9zLTU5a2czU3B2ZC41ODExMjdDMjUwQUYyMTM3,sNfP0AZs454,2013-09-20T14:55:54.000Z
items4,youtube#playlistItem,"""p4VTdlkQv3HQeTEaXgvLePAydmU/Iby06tIBM6BKo-7JXm2TARkHXkY""",UExHNkhvZVNDM3JhRS1FQjhyX3ZWRE9zLTU5a2czU3B2ZC5BQkRGQ0M4NjMyNzE2MjA2,izJh9SU5ePA,2016-11-15T14:23:44.000Z
items5,youtube#playlistItem,"""p4VTdlkQv3HQeTEaXgvLePAydmU/CAW-fNiAzdQydOTHdch7hgIlnJ4""",UExHNkhvZVNDM3JhRS1FQjhyX3ZWRE9zLTU5a2czU3B2ZC42MEYxM0UwOEIzQkE2Q0I5,BIwU1e0_UwQ,2017-04-13T05:43:24.000Z
items6,youtube#playlistItem,"""p4VTdlkQv3HQeTEaXgvLePAydmU/VA4KX3CJPnXB9XcxQxsdgwaSJRA""",UExHNkhvZVNDM3JhRS1FQjhyX3ZWRE9zLTU5a2czU3B2ZC4zQTJEQzZGOUQ4QTMyNTNE,eZD2x4StAlc,2019-06-08T01:44:05.000Z
items7,youtube#playlistItem,"""p4VTdlkQv3HQeTEaXgvLePAydmU/LKYHq_b-KXF01p7CfAxGVcp9dW8""",UExHNkhvZVNDM3JhRS1FQjhyX3ZWRE9zLTU5a2czU3B2ZC5ENzUzNTIyQkE3REQ5NkE1,PHwWBarKgzo,2014-08-15T17:02:20.000Z
items8,youtube#playlistItem,"""p4VTdlkQv3HQeTEaXgvLePAydmU/v_GyRfYT0vJlkQhEwY9bswWhrSo""",UExHNkhvZVNDM3JhRS1FQjhyX3ZWRE9zLTU5a2czU3B2ZC4zMTU3MEVBODI2Qzg2N0FD,ux_mrnCYYzY,2017-04-14T14:09:01.000Z
items9,youtube#playlistItem,"""p4VTdlkQv3HQeTEaXgvLePAydmU/bkZItFarOUnVaoBpxQFDttIMZJo""",UExHNkhvZVNDM3JhRS1FQjhyX3ZWRE9zLTU5a2czU3B2ZC44N0Y3QkU4NEQ1OUQ3NkE0,joYnqcrkMXY,2019-08-25T23:03:46.000Z
items10,youtube#playlistItem,"""p4VTdlkQv3HQeTEaXgvLePAydmU/QAfnUi73d9jkSy2prfFvteP0Uic""",UExHNkhvZVNDM3JhRS1FQjhyX3ZWRE9zLTU5a2czU3B2ZC45QzA4ODg3QkVCN0QzODYz,JbmKJ6225M8,2019-04-09T15:48:21.000Z
items11,youtube#playlistItem,"""p4VTdlkQv3HQeTEaXgvLePAydmU/jqjRwrWWwCCIXVWDVK15NKmYNbo""",UExHNkhvZVNDM3JhRS1FQjhyX3ZWRE9zLTU5a2czU3B2ZC41QjJEQjBFRUMwMjM0Qzcy,EigAtgL6Yds,2013-05-12T16:15:25.000Z
items12,youtube#playlistItem,"""p4VTdlkQv3HQeTEaXgvLePAydmU/4JDhUGMmUW6JLj93lKcdlyPf8lM""",UExHNkhvZVNDM3JhRS1FQjhyX3ZWRE9zLTU5a2czU3B2ZC41MjhBNDI2NTdGQzNDNTY3,kV6mFg_7VBo,2016-03-15T21:00:02.000Z
items13,youtube#playlistItem,"""p4VTdlkQv3HQeTEaXgvLePAydmU/T_uIYf-JgKef-TiK50fVSli6wqk""",UExHNkhvZVNDM3JhRS1FQjhyX3ZWRE9zLTU5a2czU3B2ZC45Mjg5RjdDNzFBMDQzMURG,qpgSi42d0j0,2013-11-05T00:01:10.000Z
items14,youtube#playlistItem,"""p4VTdlkQv3HQeTEaXgvLePAydmU/rIV0a9HCEcxGj-hn1vPhukk0w_g""",UExHNkhvZVNDM3JhRS1FQjhyX3ZWRE9zLTU5a2czU3B2ZC5EQTQ1Q0Q1NjM3MUM2RUYz,75Mn5OtM8xc,2019-05-23T09:51:31.000Z
items15,youtube#playlistItem,"""p4VTdlkQv3HQeTEaXgvLePAydmU/C3Mvz6DGI8ZyPAHhtm-drPNT3uQ""",UExHNkhvZVNDM3JhRS1FQjhyX3ZWRE9zLTU5a2czU3B2ZC40RTRGRDIwRjA2QkY4M0Q4,MVYug8cHLIM,2009-04-11T20:29:32.000Z
items16,youtube#playlistItem,"""p4VTdlkQv3HQeTEaXgvLePAydmU/ZCaNjQ2Np1yhpq_iO2vGTN-3Mqo""",UExHNkhvZVNDM3JhRS1FQjhyX3ZWRE9zLTU5a2czU3B2ZC43NTlCMUVCRjlBMTkxOEM1,f9CSPjDNdU0,2015-10-27T02:55:54.000Z
items17,youtube#playlistItem,"""p4VTdlkQv3HQeTEaXgvLePAydmU/eA10IZqtH7lrYsaGcNGfxs-nVDY""",UExHNkhvZVNDM3JhRS1FQjhyX3ZWRE9zLTU5a2czU3B2ZC5CQzQyQ0E5OTBCNDc2MUZG,--KeIeIprGk,2019-02-24T07:45:15.000Z
items18,youtube#playlistItem,"""p4VTdlkQv3HQeTEaXgvLePAydmU/ztkZi0te-En9cHTNTw48fSsF7xI""",UExHNkhvZVNDM3JhRS1FQjhyX3ZWRE9zLTU5a2czU3B2ZC42QTUzQkYzMTExNUI2MzFG,Tzzu4-uMhds,2017-10-04T07:34:26.000Z
items19,youtube#playlistItem,"""p4VTdlkQv3HQeTEaXgvLePAydmU/rUAS3j1gB7L43gSANh3Jv5l5e-Q""",UExHNkhvZVNDM3JhRS1FQjhyX3ZWRE9zLTU5a2czU3B2ZC41QzVBMEU1RTY3M0EwOTUy,v2x3jxSFu14,2016-11-14T05:03:27.000Z
items20,youtube#playlistItem,"""p4VTdlkQv3HQeTEaXgvLePAydmU/f9mXHFKYU6i0LK3NM5TTiXP7a8E""",UExHNkhvZVNDM3JhRS1FQjhyX3ZWRE9zLTU5a2czU3B2ZC5EOEYxRjY0RUIwQ0Y4ODU4,wCblu2ngVck,2011-04-05T19:50:02.000Z
items21,youtube#playlistItem,"""p4VTdlkQv3HQeTEaXgvLePAydmU/f-42y8TkYKixEeaAgATi9krUrs8""",UExHNkhvZVNDM3JhRS1FQjhyX3ZWRE9zLTU5a2czU3B2ZC40Nzk1RDY0OEMzQUJCRThE,i1_a4v8-M6A,2011-08-19T00:18:11.000Z
items22,youtube#playlistItem,"""p4VTdlkQv3HQeTEaXgvLePAydmU/-ger5o0NEbMrFRr1mdW9x7pHFYM""",UExHNkhvZVNDM3JhRS1FQjhyX3ZWRE9zLTU5a2czU3B2ZC41N0VGQzRDNUQ3Q0E3QTIw,4mFrKloMw2k,2016-11-25T23:46:50.000Z
items23,youtube#playlistItem,"""p4VTdlkQv3HQeTEaXgvLePAydmU/ZXhVq27OIhCTJ8AYQHkyhqO4cIg""",UExHNkhvZVNDM3JhRS1FQjhyX3ZWRE9zLTU5a2czU3B2ZC5EM0Y3ODcyMEJFRDFGNUYw,5-f2Rzw9gLs,2018-09-08T21:19:25.000Z
items24,youtube#playlistItem,"""p4VTdlkQv3HQeTEaXgvLePAydmU/wRpwVh_CbFT0CqmKfGRX3hlt_Rk""",UExHNkhvZVNDM3JhRS1FQjhyX3ZWRE9zLTU5a2czU3B2ZC5COURBMjQ5RUI5N0U2OTY1,32LpVrHcEn4,2019-01-15T13:49:56.000Z
items25,youtube#playlistItem,"""p4VTdlkQv3HQeTEaXgvLePAydmU/g_TJqqr17gYKz0q4J1Cs1OlNoLg""",UExHNkhvZVNDM3JhRS1FQjhyX3ZWRE9zLTU5a2czU3B2ZC4xM0RCQTA2NTRERTcwOUQ5,MzlHI6FfixM,2011-04-16T22:20:34.000Z
items26,youtube#playlistItem,"""p4VTdlkQv3HQeTEaXgvLePAydmU/_CL41Egy1xKw3lyhd02HbJf4G3o""",UExHNkhvZVNDM3JhRS1FQjhyX3ZWRE9zLTU5a2czU3B2ZC5BNDZFMjk0RDlGNEI0RENC,Wnc_iugMIPE,2015-05-26T02:50:53.000Z
items27,youtube#playlistItem,"""p4VTdlkQv3HQeTEaXgvLePAydmU/aEdg1M9RnmknQFODKm2adgaidO0""",UExHNkhvZVNDM3JhRS1FQjhyX3ZWRE9zLTU5a2czU3B2ZC5GMTE1NThBMTBBMjUwRDBF,YbxaJMw2_DA,2018-11-08T21:00:02.000Z
items28,youtube#playlistItem,"""p4VTdlkQv3HQeTEaXgvLePAydmU/kS7POYKgUjntLVvC07c4MF9GvHU""",UExHNkhvZVNDM3JhRS1FQjhyX3ZWRE9zLTU5a2czU3B2ZC4wNDQwM0YwMEZFNDA5RDND,DKuBem78QnY,2018-09-03T15:00:03.000Z
items29,youtube#playlistItem,"""p4VTdlkQv3HQeTEaXgvLePAydmU/3tHh4V5MfQy5tNJZYG8GuEOtn-o""",UExHNkhvZVNDM3JhRS1FQjhyX3ZWRE9zLTU5a2czU3B2ZC40NjEyNzc1ODIwN0E2OTMz,HwDnLe9s81k,2017-03-23T22:16:34.000Z
items30,youtube#playlistItem,"""p4VTdlkQv3HQeTEaXgvLePAydmU/dU1unLy0_IxF6wQmIXDIT1NGjlA""",UExHNkhvZVNDM3JhRS1FQjhyX3ZWRE9zLTU5a2czU3B2ZC4zMUJGOTJCMDVCQ0M1RkNB,mwDgexdXlWo,2019-03-09T00:30:00.000Z
items31,youtube#playlistItem,"""p4VTdlkQv3HQeTEaXgvLePAydmU/RUhquoia6OWA6Axd_Dgs4whVK9Q""",UExHNkhvZVNDM3JhRS1FQjhyX3ZWRE9zLTU5a2czU3B2ZC40QkRGQkI2RDFFREMzNzgx,luoYCYyAWa0,2009-12-11T19:45:13.000Z
items32,youtube#playlistItem,"""p4VTdlkQv3HQeTEaXgvLePAydmU/YE7QMibdkNJaGgjxK5OkDbIh76o""",UExHNkhvZVNDM3JhRS1FQjhyX3ZWRE9zLTU5a2czU3B2ZC4wMkU1MDgzRTdERTExODhB,3-TIHNVhviA,2018-09-24T09:21:21.000Z
items33,youtube#playlistItem,"""p4VTdlkQv3HQeTEaXgvLePAydmU/Qwj-N4Q1szMjWLWnXiHe8N-6Rqc""",UExHNkhvZVNDM3JhRS1FQjhyX3ZWRE9zLTU5a2czU3B2ZC4wRjZDRjJBODAwRDAwNEZF,aiWQxZprZ1s,2013-01-22T19:19:58.000Z
items34,youtube#playlistItem,"""p4VTdlkQv3HQeTEaXgvLePAydmU/2WUIpS0_PWF3-z94Mcc5jGuQAkQ""",UExHNkhvZVNDM3JhRS1FQjhyX3ZWRE9zLTU5a2czU3B2ZC42OUZBNjI2RTBDRDNFOERF,Gp9EL3asrPQ,2016-04-22T04:51:55.000Z
items35,youtube#playlistItem,"""p4VTdlkQv3HQeTEaXgvLePAydmU/c6vYxJzZBnb3ICbk5DnRFucpx3U""",UExHNkhvZVNDM3JhRS1FQjhyX3ZWRE9zLTU5a2czU3B2ZC4zOUM3OUU2OTAwRUUyNTlD,0wELwGMjrGM,2018-11-11T21:11:57.000Z
items36,youtube#playlistItem,"""p4VTdlkQv3HQeTEaXgvLePAydmU/wYsIwAq4vDXaaJ2EpbEVHWWRMho""",UExHNkhvZVNDM3JhRS1FQjhyX3ZWRE9zLTU5a2czU3B2ZC5GN0REOTBEMjM2RDRENDky,16Cbbf3IIuk,2018-10-01T04:22:27.000Z
items37,youtube#playlistItem,"""p4VTdlkQv3HQeTEaXgvLePAydmU/qJRoIKi9NmCbY5V2qjCuLJQ7iCA""",UExHNkhvZVNDM3JhRS1FQjhyX3ZWRE9zLTU5a2czU3B2ZC44RkYzOUZEOUZEOTBCNDA0,BV7xVoKYxGA,2016-03-02T15:18:42.000Z
items38,youtube#playlistItem,"""p4VTdlkQv3HQeTEaXgvLePAydmU/cDWEZJ2YS3UpentzAi1rmgb76lk""",UExHNkhvZVNDM3JhRS1FQjhyX3ZWRE9zLTU5a2czU3B2ZC41OEQzNjM2RTE1MUE4OEM3,i1f4kRskNiY,2011-06-27T01:33:08.000Z
items39,youtube#playlistItem,"""p4VTdlkQv3HQeTEaXgvLePAydmU/2Bl0ExDRQXGVR-BsZpqwwQfee6s""",UExHNkhvZVNDM3JhRS1FQjhyX3ZWRE9zLTU5a2czU3B2ZC5ENEM1NDA2QzUwMjdCNUNF,Y9bbP4ydYyU,2010-08-05T02:22:13.000Z
items40,youtube#playlistItem,"""p4VTdlkQv3HQeTEaXgvLePAydmU/itmQtI5eq0Z8IMBw8jJ-MyfH62c""",UExHNkhvZVNDM3JhRS1FQjhyX3ZWRE9zLTU5a2czU3B2ZC41MjA3MkIwRDlBNDAyMDNB,og9XWHKfutQ,2011-04-23T19:17:35.000Z
items41,youtube#playlistItem,"""p4VTdlkQv3HQeTEaXgvLePAydmU/EIKZShZ0HwZpZVbBEjgmz5Yxg_8""",UExHNkhvZVNDM3JhRS1FQjhyX3ZWRE9zLTU5a2czU3B2ZC4xQzQ1NUM3MjU5MDZDMUFE,g7BAot3zDVI,2013-03-11T03:02:09.000Z
items42,youtube#playlistItem,"""p4VTdlkQv3HQeTEaXgvLePAydmU/qsmznd3kgMq-e6gXeG3RpAzQG7Y""",UExHNkhvZVNDM3JhRS1FQjhyX3ZWRE9zLTU5a2czU3B2ZC5DRkEzNzQ3MzYyOUJGMTU1,7w6-lFMgar0,2018-02-04T06:06:15.000Z
items43,youtube#playlistItem,"""p4VTdlkQv3HQeTEaXgvLePAydmU/7gddm9mk7B9mX-1ZKkm6nBshJOQ""",UExHNkhvZVNDM3JhRS1FQjhyX3ZWRE9zLTU5a2czU3B2ZC5DMzk4NTZDOTg1MUI2MEY2,XaStIgx8VEo,2012-07-20T22:18:53.000Z
items44,youtube#playlistItem,"""p4VTdlkQv3HQeTEaXgvLePAydmU/O0-BhJ_BN98vVUV0FFaiTwuLRqI""",UExHNkhvZVNDM3JhRS1FQjhyX3ZWRE9zLTU5a2czU3B2ZC4zQkMwMDk5MjIxRjE1MkVD,0F_ZxaZqCnc,2015-03-02T05:01:31.000Z
items45,youtube#playlistItem,"""p4VTdlkQv3HQeTEaXgvLePAydmU/nD8YHIeLK6pQnKU1MCxgMubFZoo""",UExHNkhvZVNDM3JhRS1FQjhyX3ZWRE9zLTU5a2czU3B2ZC4zNEU0MzNEMDY2MEI2NkY3,gwqrP2_mvog,2008-03-26T18:26:19.000Z
items46,youtube#playlistItem,"""p4VTdlkQv3HQeTEaXgvLePAydmU/pJtJhpkHOnY4UBafsqNGc8s23iw""",UExHNkhvZVNDM3JhRS1FQjhyX3ZWRE9zLTU5a2czU3B2ZC40OTgzNDZEQ0JFMTc1MjAx,fuGGGSHK4Og,2015-04-29T07:41:58.000Z
items47,youtube#playlistItem,"""p4VTdlkQv3HQeTEaXgvLePAydmU/NxS3MQREoeZeGAHU3mm-smlPK7A""",UExHNkhvZVNDM3JhRS1FQjhyX3ZWRE9zLTU5a2czU3B2ZC5DMDhEQjk3MzA3MUQwMzE5,-1VhigA7o88,2018-01-04T17:02:53.000Z
items48,youtube#playlistItem,"""p4VTdlkQv3HQeTEaXgvLePAydmU/mFdArHh0glGqyCOx7iBG7T2o1Gs""",UExHNkhvZVNDM3JhRS1FQjhyX3ZWRE9zLTU5a2czU3B2ZC42NEZENTEyMzRCRjM0OTQ3,QnLwnXt5WZw,2013-12-27T21:57:00.000Z
items49,youtube#playlistItem,"""p4VTdlkQv3HQeTEaXgvLePAydmU/2DtSkaeXUlgXB1-LGoR7g2JblLw""",UExHNkhvZVNDM3JhRS1FQjhyX3ZWRE9zLTU5a2czU3B2ZC44NzZCMzY3RjQ4OTY3ODJD,qPr-xsQvhgw,2009-08-12T10:53:05.000Z
items50,youtube#playlistItem,"""p4VTdlkQv3HQeTEaXgvLePAydmU/9l15OQYPAduCnykF9hhQpQGNzSs""",UExHNkhvZVNDM3JhRS1FQjhyX3ZWRE9zLTU5a2czU3B2ZC4wQjRERUI5QjNEQTlDNkE0,qSmR_KU3JH0,2018-05-29T03:45:00.000Z
